date,close_AAPL,close_NKE,close_INTC
2018-06-06,48.375,74.3,55.005
2018-06-07,47.8775,74.12,54.5
2018-06-08,47.79,74.73,54.82
2018-06-11,48.08,75.835,54.995
2018-06-12,47.66625,75.605,55.545
2018-06-13,47.7125,74.27,55.1
2018-06-14,47.2675,74.73,53.215
2018-06-15,47.185,73.93,52.91
2018-06-18,46.4375,73.415,53.475
2018-06-19,46.6275,72.36,52.16
2018-06-20,46.34875,72.575,52.395
2018-06-21,46.25375,71.42,50.705
2018-06-22,45.56,71.69,49.67
2018-06-25,46.0825,79.73,48.825
2018-06-26,46.065,78.33,49.255
2018-06-27,46.4025,76.28,49.75
2018-06-28,46.3375,76.55,50.2
2018-06-29,46.795,76.48,49.47
2018-07-02,45.91,77.29,49.47
2018-07-03,45.91,77.57,51.37
2018-07-05,46.9925,77.36,51.86
2018-07-06,47.645,77.36,52.15
2018-07-09,47.5875,77.38,51.2
2018-07-10,46.9825,77.75,52.35
2018-07-11,47.7575,77.47,52.22
2018-07-12,47.8325,76.6,52.01
2018-07-13,47.7275,76.95,51.75
2018-07-16,47.8675,76.96,51.72
2018-07-17,47.6,76.59,51.98
2018-07-18,47.9925,75.505,51.91
2018-07-19,47.86,77.14,52.31
2018-07-20,47.9025,78.15,52.18
2018-07-23,48.25,76.885,52.43
2018-07-24,48.705,75.955,52.17
2018-07-25,48.5525,76.91,47.68
2018-07-26,47.745,77.53,47.69
2018-07-27,47.43,78.65,48.1
2018-07-30,47.5725,78.745,48.81
2018-07-31,50.405,79.505,49.48
2018-08-01,51.8475,80.54,49.62
2018-08-02,51.99,80.5,49.3
2018-08-03,52.265,81.265,49.7
2018-08-06,51.7775,80.77,49.96
2018-08-07,51.8125,80.14,50.14
2018-08-08,52.22,80.11,48.85
2018-08-09,51.8825,79.57,48.45
2018-08-10,52.2175,80.06,48.12
2018-08-13,52.4375,79.75,47.46
2018-08-14,52.56,82.18,47.17
2018-08-15,53.325,82.95,47.1
2018-08-16,53.865,82.66,46.5
2018-08-17,53.765,82.91,47.62
2018-08-20,53.7625,82.46,47.06
2018-08-21,53.8725,82.665,46.98
2018-08-22,54.04,82.58,47.66
2018-08-23,54.485,82.79,48.35
2018-08-24,54.925,81.4,48.57
2018-08-27,55.745,82.175,48.75
2018-08-28,56.2575,79.6,48.24
2018-08-29,56.9075,79.915,48.43
2018-08-30,56.9075,80.4,48.43
2018-08-31,57.09,80.3,47.72
2018-09-04,55.775,82.095,47.26
2018-09-05,55.325,82.645,47.15
2018-09-06,54.5825,83.0,46.3
2018-09-07,55.9625,83.47,44.93
2018-09-10,55.265,83.485,44.93
2018-09-11,56.6025,83.26,45.57
2018-09-12,55.96,85.26,45.54
2018-09-13,54.47,85.37,45.42
2018-09-14,54.56,85.18,46.1
2018-09-17,54.5925,84.27,46.15
2018-09-18,55.0075,84.79,47.2
2018-09-19,54.415,83.72,46.66
2018-09-20,55.1975,84.54,46.91
2018-09-21,55.5475,84.725,45.91
2018-09-24,55.105,84.46,45.7
2018-09-25,56.2375,82.77,45.88
2018-09-26,56.435,82.5,47.29
2018-09-27,56.815,80.18,46.45
2018-09-28,57.32,80.12,48.1
2018-10-01,58.025,80.245,48.76
2018-10-02,56.9975,80.42,48.13
2018-10-03,56.0725,74.875,47.05
2018-10-04,55.94,74.5,47.03
2018-10-05,56.7275,75.91,46.55
2018-10-08,54.09,74.99,44.8
2018-10-09,53.6125,77.48,44.23
2018-10-10,55.5275,76.48,44.88
2018-10-11,54.34,75.6,44.53
2018-10-12,55.5375,74.21,45.94
2018-10-15,55.3,74.9,45.89
2018-10-16,54.005,73.35,44.97
2018-10-17,54.8275,72.105,44.0
2018-10-18,55.1475,73.1,45.01
2018-10-19,55.6825,72.07,44.5
2018-10-22,53.7725,72.19,42.42
2018-10-23,54.95,74.51,44.31
2018-10-24,54.075,75.06,45.69
2018-10-25,53.06,76.79,45.4
2018-10-26,53.325,76.545,47.76
2018-10-29,54.715,77.53,46.88
2018-10-30,55.555,76.57,48.22
2018-10-31,51.87,77.97,47.11
2018-11-01,50.3975,77.78,47.97
2018-11-02,50.9425,76.345,47.25
2018-11-05,52.4875,75.1,48.72
2018-11-06,52.1225,75.19,48.99
2018-11-07,51.1175,75.2,48.11
2018-11-08,48.5425,74.33,46.65
2018-11-09,48.0575,74.74,47.39
2018-11-12,46.7,72.52,47.09
2018-11-13,47.8525,71.12,48.11
2018-11-14,48.3825,72.385,48.85
2018-11-15,46.465,72.385,48.0
2018-11-16,44.235,72.71,47.39
2018-11-19,44.19,72.09,47.03
2018-11-20,44.19,74.67,47.03
2018-11-21,43.0725,74.34,47.45
2018-11-23,48.5,75.11,48.07
2018-11-26,45.235,77.945,48.86
2018-11-27,44.8875,75.79,47.7
2018-11-28,44.645,75.79,49.31
2018-11-29,46.205,75.53,50.13
2018-11-30,44.1725,73.34,47.75
2018-12-03,44.1725,72.51,47.75
2018-12-04,43.68,73.57,48.365
2018-12-05,42.1225,74.32,46.24
2018-12-06,42.4,72.93,47.21
2018-12-07,42.1575,72.54,47.38
2018-12-10,42.275,69.91,47.83
2018-12-11,42.7375,71.13,48.29
2018-12-12,41.37,68.95,47.86
2018-12-13,41.00375,67.51,47.04
2018-12-14,41.5175,72.36,45.535
2018-12-17,40.2175,68.17,45.54
2018-12-18,39.2075,68.17,44.845
2018-12-19,37.6825,71.6,43.575
2018-12-20,36.7925,73.315,43.575
2018-12-21,36.7925,74.125,46.17
2018-12-24,39.2925,74.125,46.79
2018-12-26,39.0575,72.73,46.93
2018-12-27,39.435,74.65,46.93
2018-12-28,39.435,75.72,47.08
2018-12-31,39.48,76.73,47.22
2019-01-02,37.065,76.565,47.44
2019-01-03,36.9825,76.42,47.74
2019-01-04,36.9825,76.04,48.0
2019-01-07,37.6875,76.09,48.56
2019-01-08,38.3275,77.88,48.93
2019-01-09,38.45,77.665,48.35
2019-01-10,38.0725,79.13,48.6
2019-01-11,37.5,80.45,48.12
2019-01-14,38.2675,80.45,48.47
2019-01-15,38.735,80.5,49.19
2019-01-16,38.965,80.435,49.19
2019-01-17,39.205,80.6,48.27
2019-01-18,39.205,80.35,49.76
2019-01-22,38.49125,80.22,47.04
2019-01-23,38.175,81.28,46.71
2019-01-24,39.43,81.87,46.54
2019-01-25,39.075,81.51,47.55
2019-01-28,38.67,81.99,47.12
2019-01-29,41.3125,82.86,48.73
2019-01-30,41.61,82.71,49.22
2019-01-31,41.63,82.4,50.01
2019-02-01,42.8125,82.33,49.9
2019-02-04,43.55875,83.69,49.23
2019-02-05,43.56,84.68,48.84
2019-02-06,42.735,85.385,48.77
2019-02-07,42.6025,84.675,50.01
2019-02-08,42.3575,85.37,50.47
2019-02-11,42.7225,85.37,50.81
2019-02-12,42.545,84.86,51.635
2019-02-13,42.69875,83.925,51.635
2019-02-14,42.6025,84.76,46.3
2019-02-15,42.6025,85.235,51.41
2019-02-19,43.0075,85.8,52.49
2019-02-20,42.7525,86.17,53.1
2019-02-21,43.1975,85.7,53.215
2019-02-22,43.53125,87.17,53.25
2019-02-25,43.5825,85.66,52.97
2019-02-26,43.7075,85.48,53.3
2019-02-27,43.2875,85.11,53.94
2019-02-28,43.7225,85.265,53.69
2019-03-01,43.9625,84.83,52.955
2019-03-04,43.8825,85.81,52.625
2019-03-05,43.63625,85.43,52.505
2019-03-06,43.1375,85.96,53.355
2019-03-07,43.24,86.87,53.575
2019-03-08,44.70875,86.8,54.245
2019-03-11,45.2325,87.82,53.45
2019-03-12,45.41,87.74,54.33
2019-03-13,45.9675,86.67,54.09
2019-03-14,46.54875,88.02,54.19
2019-03-15,47.0075,82.18,53.8
2019-03-18,46.6325,82.33,54.605
2019-03-19,47.0575,83.38,53.295
2019-03-20,48.825,83.09,52.78
2019-03-21,47.7425,84.02,53.44
2019-03-22,47.165,84.22,53.14
2019-03-25,46.68,85.23,53.11
2019-03-26,47.1225,84.37,53.7
2019-03-27,47.1625,84.47,54.49
2019-03-28,47.485,85.3,54.35
2019-03-29,47.815,85.4,55.465
2019-04-01,48.515,84.73,55.92
2019-04-02,48.845,84.3,55.6
2019-04-03,48.9225,84.89,55.67
2019-04-04,49.25,85.01,55.31
2019-04-05,50.0175,86.24,55.755
2019-04-08,49.875,86.83,45.535
2019-04-09,50.17,87.8,56.39
2019-04-10,49.7375,88.95,56.28
2019-04-11,49.7,89.21,56.71
2019-04-12,49.8075,89.21,58.56
2019-04-15,49.8125,87.43,58.485
2019-04-16,50.78375,88.39,58.485
2019-04-17,50.965,87.54,58.82
2019-04-18,50.965,88.38,58.705
2019-04-22,51.87,88.26,57.61
2019-04-23,51.79,87.84,52.44
2019-04-24,51.32,85.88,51.04
2019-04-25,51.075,85.27,51.03
2019-04-26,51.1525,85.7,50.75
2019-04-29,50.21875,83.57,50.55
2019-04-30,52.64,82.54,51.765
2019-05-01,52.2875,82.77,51.225
2019-05-02,52.9375,82.98,50.495
2019-05-03,52.12,83.94,49.185
2019-05-06,50.715,82.53,46.615
2019-05-07,50.725,83.67,46.2
2019-05-08,50.18,84.01,44.815
2019-05-09,49.3,84.28,45.165
2019-05-10,46.44125,84.57,45.61
2019-05-13,47.16,82.85,45.53
2019-05-14,47.755,83.64,44.905
2019-05-15,47.53625,83.2,43.56
2019-05-16,47.2525,82.63,44.46
2019-05-17,45.71,82.16,44.0
2019-05-20,45.68875,82.16,44.545
2019-05-21,44.9225,78.88,44.57
2019-05-22,44.765,79.235,44.57
2019-05-23,44.765,77.14,43.645
2019-05-24,44.57,77.98,44.73
2019-05-28,44.565,81.62,44.555
2019-05-29,43.7575,82.72,51.39
2019-05-30,43.3,82.45,44.55
2019-05-31,44.91875,83.56,45.1
2019-06-03,45.6275,83.28,46.045
2019-06-04,46.325,82.63,46.8
2019-06-05,47.535,83.61,46.865
2019-06-06,48.14875,83.44,46.33
2019-06-07,48.7,82.1,46.7
2019-06-10,48.5475,84.3,46.19
2019-06-11,48.7325,83.57,46.11
2019-06-12,48.185,85.255,47.365
2019-06-13,48.485,85.73,47.11
2019-06-14,49.625,84.495,47.22
2019-06-17,49.455,82.625,47.435
2019-06-18,49.8725,82.53,47.625
2019-06-19,49.7225,83.63,46.85
2019-06-20,49.63875,83.87,46.85
2019-06-21,48.91,85.43,48.185
2019-06-24,48.91,85.43,47.455
2019-06-25,49.9475,84.99,47.86
2019-06-26,49.9325,86.17,48.04
2019-06-27,49.5125,86.17,48.115
2019-06-28,50.37125,88.48,48.49
2019-07-01,50.6725,88.06,48.49
2019-07-02,50.8275,87.455,48.085
2019-07-03,51.0925,88.28,47.75
2019-07-05,49.99875,89.115,55.8
2019-07-08,50.3075,89.46,48.58
2019-07-09,50.795,89.09,49.89
2019-07-10,50.45,87.44,50.115
2019-07-11,50.81,86.5,49.17
2019-07-12,51.27,85.95,49.42
2019-07-15,51.0725,86.68,49.945
2019-07-16,50.8375,86.685,50.245
2019-07-17,51.4075,87.25,51.335
2019-07-18,50.64375,87.54,51.755
2019-07-19,51.7775,87.63,52.93
2019-07-22,52.18375,87.18,52.13
2019-07-23,52.13625,86.04,51.545
2019-07-24,51.7525,83.11,52.505
2019-07-25,51.9625,81.11,51.705
2019-07-26,52.49625,78.98,50.62
2019-07-29,52.23,81.245,49.545
2019-07-30,53.27,81.28,48.705
2019-07-31,52.095,83.0,46.88
2019-08-01,50.97,81.95,43.46
2019-08-02,48.29125,81.515,46.695
2019-08-05,49.2375,83.28,47.17
2019-08-06,49.7675,81.025,45.985
2019-08-07,50.82375,79.52,45.595
2019-08-08,50.25,80.285,46.855
2019-08-09,50.145,81.105,45.885
2019-08-12,52.29,80.55,45.725
2019-08-13,50.6925,82.8,46.495
2019-08-14,50.405,83.29,47.225
2019-08-15,51.5875,80.44,46.62
2019-08-16,52.55125,82.24,47.215
2019-08-19,52.63125,82.06,46.79
2019-08-20,53.15125,83.47,44.965
2019-08-21,53.195,85.37,45.5
2019-08-22,50.63,84.48,45.76
2019-08-23,51.6425,84.48,45.785
2019-08-26,51.03625,84.695,46.83
2019-08-27,51.39,88.51,47.63
2019-08-28,52.2725,87.49,48.19
2019-08-29,52.0975,88.7,47.425
2019-08-30,52.0975,88.685,48.925
2019-09-03,52.275,86.81,50.065
2019-09-04,53.2925,86.75,50.955
2019-09-05,53.3425,87.64,51.56
2019-09-06,53.56,87.32,51.775
2019-09-09,54.18375,87.235,52.775
2019-09-10,55.8975,87.56,53.02
2019-09-11,55.8,88.07,52.525
2019-09-12,54.64,87.765,52.23
2019-09-13,54.9675,86.68,51.945
2019-09-16,55.155,87.675,51.72
2019-09-17,55.6825,87.26,51.605
2019-09-18,55.385,90.785,50.62
2019-09-19,54.42125,92.18,50.93
2019-09-20,54.675,92.34,49.79
2019-09-23,54.5,93.945,51.075
2019-09-24,55.2675,92.31,50.91
2019-09-25,54.9,91.26,50.775
2019-09-26,54.715,92.23,51.555
2019-09-27,56.015,93.06,50.77
2019-09-30,56.115,93.16,49.375
2019-10-01,54.7825,91.73,50.055
2019-10-02,55.2375,92.47,50.915
2019-10-03,56.70875,92.995,50.605
2019-10-04,56.75,93.86,49.71
2019-10-07,56.1025,94.88,50.45
2019-10-08,56.72,94.815,51.055
2019-10-09,57.515,94.865,52.085
2019-10-10,59.055,95.595,51.64
2019-10-11,58.9725,96.13,52.64
2019-10-14,58.8425,96.23,52.445
2019-10-15,58.42,95.64,51.89
2019-10-16,59.1025,92.29,51.35
2019-10-17,60.125,91.5,52.135
2019-10-18,60.0275,90.975,52.0
2019-10-21,60.7975,90.8,51.725
2019-10-22,60.875,89.565,54.33
2019-10-23,61.64,90.225,56.47
2019-10-24,62.28,89.56,56.755
2019-10-25,60.825,89.18,56.305
2019-10-28,60.855,89.82,56.63
2019-10-29,62.23,89.88,56.555
2019-10-30,63.9525,89.4,56.49
2019-10-31,64.375,90.35,57.595
2019-11-01,64.2825,89.765,57.575
2019-11-04,64.2875,90.04,57.605
2019-11-05,64.8375,89.55,58.055
2019-11-06,65.0,91.285,58.255
2019-11-07,65.5275,91.275,58.335
2019-11-08,65.525,92.995,58.225
2019-11-11,54.42125,94.17,57.935
2019-11-12,65.6925,93.59,57.835
2019-11-13,66.4075,93.02,57.925
2019-11-14,66.765,92.185,58.435
2019-11-15,66.5825,93.34,58.335
2019-11-18,65.7075,93.0,57.895
2019-11-19,65.5275,94.165,58.285
2019-11-20,65.6625,94.165,57.605
2019-11-21,66.5825,93.56,58.825
2019-11-22,65.98,92.47,58.93
2019-11-25,66.985,93.72,58.49
2019-11-26,66.985,95.85,58.49
2019-11-27,66.9525,97.01,57.69
2019-11-29,64.85,96.63,56.09
2019-12-02,65.4575,97.03,55.995
2019-12-03,66.3875,97.18,56.07
2019-12-04,67.64875,97.72,56.8
2019-12-05,67.035,97.755,56.52
2019-12-06,58.8425,98.81,56.59
2019-12-09,67.8,99.64,57.03
2019-12-10,67.8,100.58,57.54
2019-12-11,68.7775,101.21,57.92
2019-12-12,69.96625,99.58,57.285
2019-12-13,70.1125,90.225,57.145
2019-12-16,69.9,100.13,57.95
2019-12-17,70.0075,100.13,58.895
2019-12-18,69.78,100.69,59.225
2019-12-19,70.995,100.8,59.4
2019-12-20,71.08625,101.345,59.4
2019-12-23,71.08625,101.345,59.805
2019-12-24,72.49,102.205,59.645
2019-12-26,66.15625,101.82,59.825
2019-12-27,73.405,101.755,59.825
2019-12-30,73.405,93.34,58.335
2019-12-31,75.1125,101.52,60.095
2020-01-02,74.95625,101.5,59.995
2020-01-03,74.575,100.895,58.9
2020-01-06,75.77125,102.205,58.97
2020-01-07,77.4,102.905,59.39
2020-01-08,77.58,102.79,58.94
2020-01-09,79.23,103.37,59.545
2020-01-10,78.5425,104.53,59.405
2020-01-13,67.15,104.53,58.895
2020-01-14,77.8575,104.48,59.505
2020-01-15,78.83,103.01,59.525
2020-01-16,79.67,102.285,59.59
2020-01-17,79.67,100.41,62.8
2020-01-21,79.4625,99.835,65.45
2020-01-22,79.8125,98.095,68.485
2020-01-23,79.55,96.23,65.7
2020-01-24,77.22,99.26,67.285
2020-01-27,79.3925,101.38,66.34
2020-01-28,81.0675,100.56,66.485
2020-01-29,80.98375,100.305,63.91
2020-01-30,79.06625,99.435,64.425
2020-01-31,79.7075,100.0,65.475
2020-02-03,80.385,100.025,66.785
2020-02-04,81.2975,101.435,66.025
2020-02-05,80.0075,101.52,66.385
2020-02-06,80.3725,103.56,67.415
2020-02-07,79.8975,103.56,67.425
2020-02-10,81.79,102.025,67.45
2020-02-11,81.2275,102.555,67.26
2020-02-12,81.20375,100.23,67.26
2020-02-13,81.20375,95.93,66.135
2020-02-14,79.7075,92.89,65.435
2020-02-18,77.8575,92.02,64.335
2020-02-19,78.265,88.55,62.355
2020-02-20,74.575,85.64,59.59
2020-02-21,72.0425,100.21,59.71
2020-02-24,73.185,92.6,59.645
2020-02-25,68.25,90.91,55.81
2020-02-26,68.4075,93.81,55.63
2020-02-27,74.695,90.635,58.195
2020-02-28,72.29,88.455,55.95
2020-03-02,75.71,84.07,58.655
2020-03-03,73.1625,88.31,56.985
2020-03-04,71.19875,83.99,55.76
2020-03-05,77.17,74.18,50.825
2020-03-06,66.5875,75.465,53.985
2020-03-09,71.34125,66.88,51.49
2020-03-10,68.85,69.97,45.51
2020-03-11,62.085,64.17,54.425
2020-03-12,69.505,67.39,44.545
2020-03-13,60.4575,62.825,50.05
2020-03-16,63.2,72.63,49.77
2020-03-17,62.47,79.12,45.855
2020-03-18,60.9725,84.26,45.83
2020-03-19,57.2625,83.27,49.525
2020-03-20,55.995,85.19,52.41
2020-03-23,61.65,82.77,51.27
2020-03-24,61.39,79.24,55.625
2020-03-25,61.9525,80.0,52.35
2020-03-26,63.635,78.87,55.215
2020-03-27,63.495,82.28,51.82
2020-03-30,60.225,92.6,54.33
2020-03-31,61.2175,85.27,54.13
2020-04-01,60.3575,86.785,58.48
2020-04-02,65.61,86.785,58.31
2020-04-03,64.84625,84.435,59.0
2020-04-06,66.5125,85.07,57.145
2020-04-07,66.97,86.355,57.145
2020-04-08,66.97,89.87,58.765
2020-04-09,66.94,87.91,58.865
2020-04-13,71.135,85.18,59.525
2020-04-14,71.6325,88.85,45.51
2020-04-15,70.71,70.24,56.36
2020-04-16,69.2225,89.38,60.115
2020-04-17,67.125,88.795,59.87
2020-04-20,69.0375,88.05,59.29
2020-04-21,68.76,87.18,59.495
2020-04-22,70.7375,85.46,58.745
2020-04-23,70.70625,85.78,61.81
2020-04-24,69.70375,87.19,59.945
2020-04-27,71.7175,88.44,57.46
2020-04-28,64.4875,88.485,56.975
2020-04-29,73.3475,89.905,56.975
2020-04-30,72.285,89.905,56.975
2020-05-01,73.385,89.905,59.245
2020-05-04,74.3925,88.35,59.05
2020-05-05,75.1525,87.25,60.26
2020-05-06,75.93125,88.345,59.695
2020-05-07,77.515,86.855,60.375
2020-05-08,78.765,90.965,58.36
2020-05-11,77.8375,91.005,57.735
2020-05-12,76.8425,91.49,56.52
2020-05-13,77.4375,93.68,58.3
2020-05-14,76.955,94.315,59.995
2020-05-15,78.485,93.895,60.285
2020-05-18,78.3,93.72,63.135
2020-05-19,79.7875,98.5,62.765
2020-05-20,79.2425,98.49,62.315
2020-05-21,79.675,98.44,63.73
2020-05-22,79.675,98.215904882368,63.095
2020-05-26,79.535,98.58,62.315
2020-05-27,79.5625,103.185,63.035
2020-05-28,79.7475,101.25,63.035
2020-05-29,79.7475,104.11,61.84
2020-06-01,80.44375,101.28,61.94
2020-06-02,81.1575,102.71,62.485
2020-06-03,80.58,104.29,62.96
2020-06-04,80.58,95.15,64.275
2020-06-05,82.87,96.47,63.665
2020-06-08,82.875,102.56,63.67
2020-06-09,83.365,96.43,59.3
2020-06-11,84.7125,97.84,63.665
2020-06-12,85.635,99.04,59.33
2020-06-15,84.7,99.21,60.365
2020-06-16,78.3,98.45,60.4
2020-06-17,88.02,95.78,60.49
2020-06-18,87.8975,99.51,60.08
2020-06-19,87.9325,101.92,59.62
2020-06-22,87.43,100.08,60.09
2020-06-23,89.7175,101.4,59.92
2020-06-24,91.6325,93.67,59.09
2020-06-25,90.015,95.87,58.51
2020-06-26,91.21,98.05,57.5
2020-06-29,88.4075,97.4,58.27
2020-06-30,90.445,98.43,59.83
2020-07-01,91.2,99.95,58.81
2020-07-02,91.0275,97.07,59.13
2020-07-06,91.0275,98.84,59.54
2020-07-07,93.4625,96.99,58.31
2020-07-08,93.1725,97.99,58.61
2020-07-09,95.3425,96.46,58.42
2020-07-10,95.7525,96.76,59.53
2020-07-13,95.92,98.54,58.58
2020-07-14,95.4775,97.26,58.98
2020-07-15,97.0575,96.28,59.03
2020-07-16,97.725,95.65,59.14
2020-07-17,96.5225,98.36,60.0
2020-07-20,96.3275,98.91,61.15
2020-07-21,98.3575,98.3,60.7
2020-07-22,97.0,98.43,61.05
2020-07-23,97.2725,97.21,60.4
2020-07-24,92.845,96.27,50.59
2020-07-27,92.615,96.97,49.57
2020-07-28,94.81,96.82,49.24
2020-07-29,93.2525,97.61,48.07
2020-07-30,95.04,98.33,47.99
2020-07-31,96.19,97.33,47.73
2020-08-03,106.26,100.94,48.3
2020-08-04,108.9375,100.45,49.13
2020-08-05,109.665,101.86,48.589865030675
2020-08-06,110.0625,105.41,48.57
2020-08-07,113.9025,105.12,48.03
2020-08-10,111.1125,105.22,49.22
2020-08-11,112.7275,106.52,48.19
2020-08-12,109.375,106.43,49.19
2020-08-13,113.01,105.66,48.56
2020-08-14,115.01,106.97,48.89
2020-08-17,114.9075,108.39,48.93
2020-08-18,114.6075,108.01,48.65
2020-08-19,115.5625,109.75,48.33
2020-08-20,115.7075,111.83,49.17
2020-08-21,118.275,111.51,49.28
2020-08-24,124.37,111.53,49.14
2020-08-25,125.8575,110.59869018528,49.43
2020-08-26,124.825,112.29,49.55
2020-08-27,126.5225,111.89,49.4
2020-08-28,125.01,114.84,50.43
2020-08-31,124.8075,116.8,50.95
2020-09-01,129.04,112.85,50.79
2020-09-02,134.18,112.4,52.25
2020-09-03,131.4,112.72,50.39
2020-09-04,120.88,114.9,50.08
2020-09-08,120.96,114.79,48.91
2020-09-09,112.82,118.0,49.62
2020-09-10,117.32,119.28,48.96
2020-09-11,113.49,119.27,49.28
2020-09-14,112.0,118.59,49.41
2020-09-15,115.355,116.36,50.0
2020-09-16,115.54,114.66,50.37
2020-09-17,112.13,113.37,50.32
2020-09-18,110.34,116.87,49.89
2020-09-21,106.84,127.11,49.72
2020-09-22,110.08,124.75,49.95
2020-09-23,111.81,124.23,48.82
2020-09-24,107.12,124.32,49.16
2020-09-25,108.22,126.35,49.94
2020-09-28,112.28,125.54,51.43
2020-09-29,114.96,126.64,51.19
2020-09-30,114.09,126.64,51.78
2020-10-01,115.81,127.91,52.24
2020-10-02,116.79,127.65,51.01
2020-10-05,113.02,130.06,51.69
2020-10-06,116.5,129.71,51.37
2020-10-07,113.16,130.98,52.67
2020-10-08,115.08,129.46,53.37
2020-10-09,114.97,129.2,52.82
2020-10-12,116.97,127.66,53.88
2020-10-13,124.4,129.0,53.83
2020-10-14,121.1,128.55,53.55
2020-10-15,121.19,129.37,53.85
2020-10-16,120.71,128.49,54.595
2020-10-19,119.02,129.43,53.455
2020-10-20,115.98,130.02,53.43
2020-10-21,115.755,129.99,53.985
2020-10-22,116.87,128.37,48.2
2020-10-23,115.75,127.98,46.71
2020-10-26,115.04,122.08,45.645
2020-10-27,116.6,122.86,45.64
2020-10-28,115.775,120.08,44.25
2020-10-29,111.2,122.39,44.11
2020-10-30,115.32,124.59,44.28
2020-11-02,108.86,127.34,44.46
2020-11-03,108.77,129.7,44.85
2020-11-04,110.44,128.9,45.372223429689
2020-11-05,114.95,128.95,45.68
2020-11-06,118.82476723159,127.71,45.39
2020-11-09,118.69,127.66,45.6
2020-11-10,116.32,126.64,45.44
2020-11-11,115.97,128.28,46.35
2020-11-12,119.49,130.11,44.95
2020-11-13,119.21,132.21,45.46
2020-11-16,119.26,131.63,46.19
2020-11-17,120.3,131.91,45.53
2020-11-18,119.39,132.98,45.06
2020-11-19,118.03,134.13,45.62
2020-11-20,118.64,134.7,45.39
2020-11-23,117.34,135.54,46.06
2020-11-24,113.85,134.25,47.01
2020-11-25,115.17,134.7,47.05
2020-11-27,116.03,135.44,47.45
2020-11-30,116.59,135.58,48.35
2020-12-01,119.05,136.68601025716,49.56
2020-12-02,122.72,137.19,49.9
2020-12-03,123.08,138.75,50.99
2020-12-04,122.94,139.12,51.985
2020-12-07,122.25,138.79,50.2
2020-12-08,123.75,137.58,50.69
2020-12-09,124.38,137.41,50.07
2020-12-10,121.78,136.28,50.26
2020-12-11,123.24,139.39,49.73
2020-12-14,122.41,138.34,50.47
2020-12-15,121.78,140.5,50.665
2020-12-16,127.88,137.28,51.12
2020-12-17,127.81,144.02,50.65
2020-12-18,128.7,142.45,47.46
2020-12-21,126.655,141.76,46.36
2020-12-22,128.23,141.6,46.17
2020-12-23,131.88,142.43,46.57
2020-12-24,130.96,141.57,47.07
2020-12-28,131.97,141.58,47.07
2020-12-29,136.69,141.47,49.39
2020-12-30,134.87,140.1,48.75
2020-12-31,133.72,141.23,49.82
2021-01-04,132.69,142.35,49.67
2021-01-05,129.41,144.95,50.61
2021-01-06,131.01,146.35,51.1
2021-01-07,126.6,147.05,52.19
2021-01-08,130.92,145.05,51.65
2021-01-11,132.05,143.04,51.54
2021-01-12,128.98,141.3,53.24
2021-01-13,128.8,140.72,56.95
2021-01-14,130.89,139.27,59.25
2021-01-15,128.91,142.8,57.58
2021-01-19,127.14,141.61,57.99
2021-01-20,127.83,139.35,58.67
2021-01-21,132.03,137.55,62.46
2021-01-22,136.87,135.1,56.66
2021-01-25,139.07,131.02,55.44
2021-01-26,142.92,134.72,55.21
2021-01-27,143.16,133.59,53.59
2021-01-28,142.06,135.71,56.065
2021-01-29,137.09,139.59,55.51
2021-02-01,131.96,138.63,56.69
2021-02-02,134.14,140.63,58.0
2021-02-03,134.99,145.11,57.3410644684
2021-02-04,133.94,143.41,58.79
2021-02-05,137.18436388859,141.79,58.18
2021-02-08,136.76,142.46,59.16
2021-02-09,136.91,143.54,58.78
2021-02-10,136.01,142.12,58.86
2021-02-11,135.39,141.71,60.66
2021-02-12,135.13,143.99,61.81
2021-02-16,135.37,145.09,62.47
2021-02-17,133.19,142.02,61.85
2021-02-18,130.84,136.67,61.61
2021-02-19,129.71,136.13,63.01
2021-02-22,129.87,135.65,60.71
2021-02-23,126.0,135.26401243938,61.12
2021-02-24,125.86,134.78,63.19
2021-02-25,125.35,137.65,60.4
2021-02-26,120.99,137.02,60.78
2021-03-01,121.26,134.26,62.88
2021-03-02,127.79,132.04,61.24
2021-03-03,125.12,133.35,59.9
2021-03-04,122.06,134.56,58.33
2021-03-05,120.13,135.95,60.74
2021-03-08,121.42,139.23,59.85
2021-03-09,116.36,144.365,62.67
2021-03-10,121.085,140.45,62.16
2021-03-11,120.67,144.94,65.025
2021-03-12,123.32,144.65,62.9
2021-03-15,121.03,144.82,63.79
2021-03-16,123.99,143.17,64.78
2021-03-17,125.57,137.49,65.78
2021-03-18,124.76,138.27,63.725
2021-03-19,120.53,137.12,63.76
2021-03-22,119.99,133.16,65.63
2021-03-23,123.39,128.64,63.48
2021-03-24,122.54,132.99,62.04
2021-03-25,120.09,133.18,62.02
2021-03-26,120.59,132.52,64.87
2021-03-29,121.21,132.89,64.04
2021-03-30,117.66,132.53,64.305
2021-03-31,122.15,135.12,64.0
2021-04-01,122.15,137.16,64.55
2021-04-05,123.0,136.54,66.54
2021-04-06,125.9,133.68,65.56
2021-04-07,126.21,135.45,66.25
2021-04-08,127.9,136.64,67.05
2021-04-09,130.36,133.54,68.26
2021-04-12,132.995,132.26,65.405
2021-04-13,131.24,133.67,65.22
2021-04-14,134.43,134.31,64.19
2021-04-15,132.03,132.57,65.02
2021-04-16,134.5,127.11,64.75
2021-04-19,134.16,129.9,63.63
2021-04-20,134.84,129.18,62.7
2021-04-21,133.11,130.19,63.7
2021-04-22,133.5,131.6,62.57
2021-04-23,131.94,132.11,59.24
2021-04-26,134.32,130.71,58.76
2021-04-27,134.72,133.26,57.97
2021-04-28,134.39,132.62,57.62
2021-04-29,133.58,133.03,58.28
2021-04-30,133.48,131.55,57.53
2021-05-03,131.46,132.21,57.26
2021-05-04,132.54,133.49,56.9
2021-05-05,127.85,137.81,56.85
2021-05-06,128.1,136.4,57.19
2021-05-07,129.74,137.12,57.67
2021-05-10,130.21,133.39,55.97
2021-05-11,126.85,133.61,55.04
2021-05-12,125.91,135.93,53.62
2021-05-13,122.77,136.41,54.01
2021-05-14,124.97,135.56,55.35
2021-05-17,127.45,132.96,55.33
2021-05-18,126.27,133.27,54.84
2021-05-19,124.85,132.66,55.36
2021-05-20,124.69,134.06,55.95
2021-05-21,127.31,134.32,56.08
2021-05-24,125.43,136.89,56.96
2021-05-25,127.1,136.56,56.87
2021-05-26,126.9,136.46,56.92
2021-05-27,126.85,134.51,57.73
2021-05-28,125.28,134.17,57.12
2021-06-01,124.61,134.17,56.89
2021-06-02,124.28,133.74,57.48
2021-06-03,125.06,133.95,56.24
2021-06-04,123.54,133.35,57.37
2021-06-07,125.89,131.84,57.09
2021-06-08,125.9,130.98,57.0
2021-06-09,126.74,131.94,57.0
2021-06-10,127.13,131.36,57.38
2021-06-11,126.11,130.29,57.85
2021-06-14,127.35,130.4,58.19
2021-06-15,130.48,128.92,57.99
2021-06-16,129.64,128.41,57.22
2021-06-17,130.15,130.08,57.18
2021-06-18,131.79,132.48,55.67
2021-06-21,130.46,133.1,55.87
2021-06-22,132.3,133.6,55.87
2021-06-23,133.98,154.35,55.26
2021-06-24,133.7,152.36,56.07
2021-06-25,133.41,155.95,55.91
2021-06-28,133.11,,57.48
2021-06-29,134.78,,56.75
2021-06-30,136.33,,
