date,open,close,low,high
2018-06-07,55.62,55.005,54.68,56.03
2018-06-08,54.59,54.5,54.26,55.26
2018-06-11,54.935,54.82,54.225,54.97
2018-06-12,54.97,54.995,54.435,55.69
2018-06-13,55.5,55.545,54.95,55.85
2018-06-14,55.13,55.1,54.6,55.58
2018-06-15,54.175,53.215,52.345,55.37
2018-06-18,52.14,52.91,51.915,53.29
2018-06-19,53.29,53.475,52.67,53.73
2018-06-20,54.455,52.16,51.965,54.455
2018-06-21,52.7,52.395,52.145,53.08
2018-06-22,51.25,50.705,49.915,52.675
2018-06-25,49.89,49.67,49.37,50.89
2018-06-26,49.23,48.825,48.8,50.06
2018-06-27,48.525,49.255,48.5,49.48
2018-06-28,49.545,49.75,49.0,50.1
2018-06-29,49.19,50.2,48.84,50.255
2018-07-02,50.58,49.47,49.46,50.71
2018-07-03,49.47,49.47,49.47,49.47
2018-07-05,50.75,51.37,50.375,51.5
2018-07-06,51.64,51.86,51.0,51.89
2018-07-09,52.12,52.15,51.5,52.25
2018-07-10,51.62,51.2,51.195,52.23
2018-07-11,52.03,52.35,51.195,52.48
2018-07-12,52.35,52.22,51.78,52.395
2018-07-13,52.22,52.01,51.87,52.3
2018-07-16,51.16,51.75,51.06,52.12
2018-07-17,51.9,51.72,51.48,51.94
2018-07-18,51.63,51.98,51.06,52.005
2018-07-19,51.88,51.91,51.345,52.04
2018-07-20,51.79,52.31,51.35,52.49
2018-07-23,52.76,52.18,52.08,53.295
2018-07-24,52.26,52.43,51.1,52.445
2018-07-25,52.475,52.17,51.88,53.17
2018-07-26,48.75,47.68,47.485,52.3
2018-07-27,47.64,47.69,46.485,47.98
2018-07-30,48.19,48.1,47.58,48.67
2018-07-31,48.055,48.81,48.025,48.905
2018-08-01,48.48,49.48,48.2,49.51
2018-08-02,49.48,49.62,49.18,49.725
2018-08-03,48.745,49.3,48.32,49.62
2018-08-06,49.49,49.7,49.02,49.83
2018-08-07,49.625,49.96,49.45,50.12
2018-08-08,49.96,50.14,49.6,50.59
2018-08-09,48.44,48.85,48.3,50.585
2018-08-10,49.03,48.45,48.385,49.245
2018-08-13,48.635,48.12,47.67,48.86
2018-08-14,47.685,47.46,46.95,48.35
2018-08-15,47.46,47.17,47.04,47.65
2018-08-16,46.91,47.1,46.35,47.375
2018-08-17,47.06,46.5,46.2,47.375
2018-08-20,46.68,47.62,46.425,47.86
2018-08-21,47.26,47.06,46.92,47.795
2018-08-22,46.92,46.98,46.715,47.165
2018-08-23,47.27,47.66,46.835,47.89
2018-08-24,47.98,48.35,47.63,48.39
2018-08-27,48.58,48.57,48.19,48.79
2018-08-28,48.685,48.75,48.41,48.87
2018-08-29,48.605,48.24,48.1,48.835
2018-08-30,48.0,48.43,47.94,48.565
2018-08-31,48.43,48.43,48.24,48.565
2018-09-04,47.79,47.72,47.47,48.11
2018-09-05,47.85,47.26,47.215,47.95
2018-09-06,47.165,47.15,46.375,47.43
2018-09-07,46.745,46.3,46.25,47.48
2018-09-10,45.81,44.93,44.89,46.33
2018-09-11,44.42,44.93,44.05,45.18
2018-09-12,45.64,45.57,44.74,45.82
2018-09-13,45.795,45.54,45.35,45.97
2018-09-14,45.33,45.42,45.21,45.905
2018-09-17,45.535,46.1,45.385,46.52
2018-09-18,46.02,46.15,45.895,46.44
2018-09-19,46.53,47.2,46.125,47.36
2018-09-20,46.99,46.66,46.375,47.41
2018-09-21,46.2,46.91,46.2,46.995
2018-09-24,46.335,45.91,45.79,46.99
2018-09-25,45.98,45.7,45.605,46.3
2018-09-26,45.91,45.88,45.605,46.165
2018-09-27,45.685,47.29,45.46,47.75
2018-09-28,46.79,46.45,46.2,47.315
2018-10-01,47.515,48.1,46.2,48.88
2018-10-02,48.635,48.76,48.1,49.71
2018-10-03,48.845,48.13,47.625,48.855
2018-10-04,48.25,47.05,46.67,48.34
2018-10-05,47.015,47.03,46.515,47.34
2018-10-08,47.245,46.55,46.535,47.62
2018-10-09,46.55,44.8,44.8,46.765
2018-10-10,45.26,44.23,43.845,45.605
2018-10-11,45.275,44.88,44.23,45.285
2018-10-12,44.64,44.53,44.45,45.14
2018-10-15,44.53,45.94,44.53,46.005
2018-10-16,46.0,45.89,45.54,46.32
2018-10-17,45.68,44.97,44.83,46.035
2018-10-18,45.04,44.0,43.86,45.125
2018-10-19,44.485,45.01,43.965,45.335
2018-10-22,44.17,44.5,43.915,45.275
2018-10-23,44.24,42.42,42.395,44.7
2018-10-24,43.44,44.31,42.395,44.94
2018-10-25,45.635,45.69,44.27,46.43
2018-10-26,46.485,45.4,44.475,46.75
2018-10-29,45.54,47.76,44.475,47.845
2018-10-30,48.355,46.88,46.83,48.43
2018-10-31,46.94,48.22,46.83,48.465
2018-11-01,48.17,47.11,46.76,48.27
2018-11-02,47.33,47.97,46.92,48.25
2018-11-05,47.745,47.25,47.04,48.08
2018-11-06,47.875,48.72,47.17,48.735
2018-11-07,48.51,48.99,48.465,49.275
2018-11-08,48.78,48.11,47.87,49.04
2018-11-09,47.76,46.65,46.61,48.305
2018-11-12,47.17,47.39,46.61,48.235
2018-11-13,47.855,47.09,46.89,47.955
2018-11-14,47.055,48.11,46.735,48.235
2018-11-15,47.815,48.85,47.71,49.04
2018-11-16,48.64,48.0,47.775,49.14
2018-11-19,47.44,47.39,47.1,48.275
2018-11-20,47.8,47.03,47.03,47.86
2018-11-21,47.03,47.03,47.03,47.295
2018-11-23,47.105,47.45,46.54,47.45
2018-11-26,46.71,48.07,46.6,48.215
2018-11-27,47.935,48.86,47.66,48.87
2018-11-28,48.56,47.7,47.645,48.87
2018-11-29,47.95,49.31,47.63,49.31
2018-11-30,50.11,50.13,48.775,50.495
2018-12-03,49.55,47.75,47.68,50.145
2018-12-04,47.75,47.75,47.68,48.105
2018-12-05,46.72,48.365,46.62,48.365
2018-12-06,47.98,46.24,46.24,48.365
2018-12-07,46.25,47.21,46.24,47.45
2018-12-10,47.95,47.38,47.15,48.59
2018-12-11,48.53,47.83,47.36,48.64
2018-12-12,48.3,48.29,47.815,48.565
2018-12-13,47.965,47.86,47.86,48.755
2018-12-14,47.01,47.04,46.665,48.405
2018-12-17,47.49,45.535,45.395,56.195
2018-12-18,45.49,45.54,45.03,46.28
2018-12-19,45.81,44.845,44.845,46.61
2018-12-20,44.63,43.575,43.575,45.07
2018-12-21,43.575,43.575,43.575,43.575
2018-12-24,44.13,46.17,43.52,46.195
2018-12-26,46.51,46.79,46.325,47.72
2018-12-27,47.115,46.93,46.57,47.46
2018-12-28,46.93,46.93,46.93,46.93
2018-12-31,45.895,47.08,45.79,47.46
2019-01-02,45.835,47.22,45.55,47.565
2019-01-03,47.0,47.44,46.765,47.995
2019-01-04,47.87,47.74,46.79,48.02
2019-01-07,47.94,48.0,47.005,48.57
2019-01-08,47.75,48.56,47.42,48.57
2019-01-09,48.245,48.93,47.43,48.79
2019-01-10,48.41,48.35,48.31,49.29
2019-01-11,48.67,48.6,48.31,49.12
2019-01-14,48.61,48.12,48.39,49.075
2019-01-15,48.055,48.47,47.91,48.9
2019-01-16,49.085,49.19,48.095,49.19
2019-01-17,49.19,49.19,48.77,49.375
2019-01-18,48.965,48.27,48.615,49.19
2019-01-22,48.69,49.76,47.555,49.54
2019-01-23,46.88,47.04,45.75,50.035
2019-01-24,46.16,46.71,45.85,47.42
2019-01-25,46.825,46.54,46.18,46.965
2019-01-28,46.69,47.55,46.335,46.83
2019-01-29,46.735,47.12,46.1,47.68
2019-01-30,47.085,48.73,46.2,47.735
2019-01-31,48.46,49.22,47.5,49.05
2019-02-01,49.24,50.01,48.315,50.08
2019-02-04,49.87,49.9,49.69,50.72
2019-02-05,49.46,49.23,49.245,50.635
2019-02-06,48.835,48.84,48.485,49.845
2019-02-07,49.0,48.77,48.015,49.3
2019-02-08,49.335,50.01,48.58,49.725
2019-02-11,50.155,50.47,49.585,50.49
2019-02-12,50.415,50.81,50.205,50.81
2019-02-13,51.265,51.635,50.445,51.55
2019-02-14,51.635,51.635,51.09,51.665
2019-02-15,46.745,46.3,46.29,51.635
2019-02-19,51.35,51.41,51.215,51.84
2019-02-20,52.74,52.49,51.215,52.97
2019-02-21,53.06,53.1,52.235,53.61
2019-02-22,53.14,53.215,52.91,53.37
2019-02-25,52.67,53.25,52.51,53.375
2019-02-26,52.97,52.97,52.815,53.285
2019-02-27,53.485,53.3,52.87,53.675
2019-02-28,53.82,53.94,53.175,54.1
2019-03-01,53.92,53.69,53.115,53.99
2019-03-04,53.64,52.955,52.945,53.895
2019-03-05,52.74,52.625,52.365,53.15
2019-03-06,51.85,52.505,51.83,52.685
2019-03-07,52.845,53.355,52.255,53.65
2019-03-08,53.31,53.575,53.18,53.955
2019-03-11,53.985,54.245,53.41,54.565
2019-03-12,54.28,53.45,53.405,54.495
2019-03-13,53.77,54.33,53.405,54.69
2019-03-14,54.38,54.09,53.875,54.62
2019-03-15,54.46,54.19,53.985,54.63
2019-03-18,54.08,53.8,53.64,54.4
2019-03-19,53.885,54.605,53.785,54.99
2019-03-20,54.425,53.295,53.225,54.99
2019-03-21,53.01,52.78,52.38,53.68
2019-03-22,53.32,53.44,52.53,53.765
2019-03-25,53.57,53.14,52.94,53.86
2019-03-26,53.23,53.11,52.78,53.44
2019-03-27,53.75,53.7,52.975,54.02
2019-03-28,54.35,54.49,53.535,54.57
2019-03-29,54.585,54.35,54.22,54.795
2019-04-01,54.93,55.465,54.35,55.985
2019-04-02,55.44,55.92,55.195,56.14
2019-04-03,55.68,55.6,54.875,55.955
2019-04-04,55.4,55.67,55.195,55.74
2019-04-05,55.385,55.31,54.9,55.74
2019-04-08,55.605,55.755,55.165,55.865
2019-04-09,47.49,45.535,45.395,55.805
2019-04-10,56.235,56.39,45.395,56.48
2019-04-11,56.49,56.28,55.92,56.555
2019-04-12,56.63,56.71,56.085,57.465
2019-04-15,58.375,58.56,56.085,59.565
2019-04-16,58.665,58.485,58.13,58.87
2019-04-17,58.485,58.485,58.335,58.575
2019-04-18,58.15,58.82,57.88,58.83
2019-04-22,58.53,58.705,58.16,59.285
2019-04-23,58.305,57.61,57.24,59.0
2019-04-24,52.615,52.44,51.515,57.76
2019-04-25,52.16,51.04,51.0,52.465
2019-04-26,51.01,51.03,50.895,51.425
2019-04-29,51.12,50.75,50.74,51.6
2019-04-30,50.81,50.55,50.12,51.37
2019-05-01,50.97,51.765,50.415,51.805
2019-05-02,50.22,51.225,50.195,51.805
2019-05-03,50.6,50.495,49.935,51.275
2019-05-06,50.21,49.185,49.13,50.78
2019-05-07,47.8,46.615,46.055,50.78
2019-05-08,46.465,46.2,45.1,47.02
2019-05-09,45.08,44.815,44.7,46.49
2019-05-10,45.165,45.165,44.7,45.485
2019-05-13,44.82,45.61,44.775,45.74
2019-05-14,45.58,45.53,45.435,45.95
2019-05-15,45.16,44.905,44.765,45.765
2019-05-16,43.94,43.56,43.46,45.155
2019-05-17,44.27,44.46,43.46,44.78
2019-05-20,44.16,44.0,43.845,44.61
2019-05-21,43.385,44.545,42.86,44.735
2019-05-22,44.64,44.57,43.995,45.05
2019-05-23,44.57,44.57,44.525,44.655
2019-05-24,44.67,43.645,43.305,44.68
2019-05-28,44.28,44.73,43.985,45.025
2019-05-29,44.56,44.555,44.02,44.795
2019-05-30,51.37,51.39,43.93,51.705
2019-05-31,45.11,44.55,44.385,51.705
2019-06-03,44.63,45.1,44.195,44.835
2019-06-04,45.275,46.045,44.505,45.51
2019-06-05,46.24,46.8,45.33,46.8
2019-06-06,47.175,46.865,46.75,47.3
2019-06-07,46.64,46.33,46.455,46.955
2019-06-10,46.64,46.7,46.255,46.955
2019-06-11,45.76,46.19,45.55,46.91
2019-06-12,46.22,46.11,45.65,46.44
2019-06-13,46.655,47.365,46.055,47.495
2019-06-14,47.48,47.11,47.16,48.005
2019-06-17,47.88,47.22,47.0,48.05
2019-06-18,46.96,47.435,46.805,47.605
2019-06-19,47.4,47.625,47.18,47.725
2019-06-20,47.585,46.85,47.365,47.845
2019-06-21,47.585,46.85,46.805,47.64
2019-06-24,47.65,48.185,46.805,48.475
2019-06-25,48.19,47.455,48.01,48.475
2019-06-26,47.84,47.86,47.24,48.285
2019-06-27,49.23,48.04,47.765,49.42
2019-06-28,47.93,48.115,47.72,48.68
2019-07-01,48.22,48.49,47.695,48.43
2019-07-02,48.49,48.49,47.995,48.56
2019-07-03,48.11,48.085,47.5,48.49
2019-07-05,47.73,47.75,47.14,47.945
2019-07-08,55.855,55.8,47.18,56.0
2019-07-09,48.46,48.58,47.995,56.07
2019-07-10,48.985,49.89,48.31,49.645
2019-07-11,50.01,50.115,49.6,50.24
2019-07-12,50.0,49.17,49.18,50.145
2019-07-15,49.39,49.42,48.97,49.685
2019-07-16,49.275,49.945,48.895,49.655
2019-07-17,50.03,50.245,49.115,50.41
2019-07-18,49.95,51.335,49.95,51.075
2019-07-19,51.985,51.755,50.885,51.99
2019-07-22,51.895,52.93,51.3,52.675
2019-07-23,52.53,52.13,52.105,52.97
2019-07-24,52.77,51.545,51.55,53.5
2019-07-25,51.47,52.505,50.78,52.265
2019-07-26,51.66,51.705,51.57,52.56
2019-07-29,51.495,50.62,51.24,52.13
2019-07-30,50.525,49.545,50.06,51.885
2019-07-31,49.205,48.705,48.515,51.895
2019-08-01,47.105,46.88,46.575,49.02
2019-08-02,44.235,43.46,43.21,47.63
2019-08-05,46.275,46.695,43.21,47.11
2019-08-06,46.15,47.17,45.925,47.365
2019-08-07,46.93,45.985,45.78,47.365
2019-08-08,45.755,45.595,45.45,46.285
2019-08-09,45.475,46.855,45.37,47.03
2019-08-12,46.01,45.885,45.65,47.015
2019-08-13,46.05,45.725,45.445,46.17
2019-08-14,46.32,46.495,45.445,46.675
2019-08-15,47.46,47.225,46.49,47.61
2019-08-16,47.015,46.62,46.465,47.395
2019-08-19,47.11,47.215,46.465,47.285
2019-08-20,47.34,46.79,46.705,47.425
2019-08-21,46.35,44.965,44.805,47.095
2019-08-22,45.61,45.5,44.805,45.695
2019-08-23,45.915,45.76,45.425,46.105
2019-08-26,45.76,45.785,45.38,45.99
2019-08-27,46.47,46.83,45.675,47.215
2019-08-28,47.59,47.63,46.815,47.785
2019-08-29,47.98,48.19,47.17,48.61
2019-08-30,47.425,47.425,47.425,48.275
2019-09-03,47.595,48.925,46.96,48.945
2019-09-04,49.95,50.065,48.85,51.165
2019-09-05,50.24,50.955,50.065,50.99
2019-09-06,51.08,51.56,50.77,52.025
2019-09-09,51.33,51.775,50.83,51.805
2019-09-10,51.6,52.775,51.39,52.78
2019-09-11,53.08,53.02,52.065,53.33
2019-09-12,52.84,52.525,52.23,53.225
2019-09-13,51.81,52.23,51.72,52.725
2019-09-16,52.105,51.945,51.355,52.275
2019-09-17,52.005,51.72,51.165,52.08
2019-09-18,51.57,51.605,51.505,51.98
2019-09-19,51.66,50.62,50.62,51.88
2019-09-20,50.79,50.93,50.4,51.22
2019-09-23,51.18,49.79,49.655,51.18
2019-09-24,51.075,51.075,49.43,51.205
2019-09-25,50.875,50.91,46.77,51.205
2019-09-26,50.63,50.775,50.355,51.14
2019-09-27,51.1,51.555,50.345,51.21
2019-09-30,52.0,50.77,51.035,52.23
2019-10-01,50.345,49.375,49.525,51.595
2019-10-02,49.49,50.055,48.535,49.755
2019-10-03,50.31,50.915,48.925,50.53
2019-10-04,50.805,50.605,50.275,51.195
2019-10-07,50.13,49.71,49.6,51.115
2019-10-08,50.3,50.45,49.71,50.545
2019-10-09,50.4,51.055,50.21,51.545
2019-10-10,52.02,52.085,50.79,52.55
2019-10-11,51.905,51.64,51.635,52.775
2019-10-14,51.915,52.64,51.445,52.66
2019-10-15,52.33,52.445,52.23,53.07
2019-10-16,52.63,51.89,51.72,52.825
2019-10-17,51.7,51.35,51.355,51.985
2019-10-18,51.49,52.135,51.03,51.905
2019-10-21,52.185,52.0,51.725,52.295
2019-10-22,51.355,51.725,47.425,52.315
2019-10-23,52.08,54.33,51.425,54.33
2019-10-24,54.095,56.47,52.09,56.615
2019-10-25,56.39,56.755,56.01,56.8
2019-10-28,56.41,56.305,56.24,57.22
2019-10-29,56.31,56.63,55.62,56.725
2019-10-30,56.315,56.555,55.63,56.635
2019-10-31,55.99,56.49,55.635,56.64
2019-11-01,56.98,57.595,56.19,57.805
2019-11-04,57.425,57.575,57.21,58.345
2019-11-05,57.26,57.605,56.98,58.245
2019-11-06,58.1,58.055,57.335,58.545
2019-11-07,57.82,58.255,57.325,58.455
2019-11-08,57.95,58.335,57.875,58.5
2019-11-11,58.43,58.225,58.035,58.805
2019-11-12,57.86,57.935,57.36,58.535
2019-11-13,57.69,57.835,57.36,58.04
2019-11-14,58.14,57.925,57.605,58.7
2019-11-15,58.445,58.435,57.57,58.48
2019-11-18,58.505,58.335,50.35,58.48
2019-11-19,58.28,57.895,57.37,58.37
2019-11-20,57.41,58.285,57.41,58.295
2019-11-21,58.395,57.605,57.495,58.645
2019-11-22,58.05,58.825,57.5,58.825
2019-11-25,58.905,58.93,58.455,59.08
2019-11-26,58.52,58.49,57.905,58.95
2019-11-27,58.49,58.49,58.375,58.56
2019-11-29,58.54,57.69,57.465,58.65
2019-12-02,56.63,56.09,55.75,57.845
2019-12-03,56.61,55.995,55.865,56.62
2019-12-04,56.345,56.07,55.77,56.345
2019-12-05,56.66,56.8,56.03,56.99
2019-12-06,56.515,56.52,56.515,56.99
2019-12-09,56.72,56.59,56.435,56.83
2019-12-10,56.885,57.03,56.49,57.17
2019-12-11,56.79,57.54,56.665,58.04
2019-12-12,57.935,57.92,57.39,58.335
2019-12-13,58.05,57.285,51.205,58.08
2019-12-16,57.45,57.145,56.965,57.66
2019-12-17,57.185,57.95,56.965,57.83
2019-12-18,58.005,58.895,57.495,58.62
2019-12-19,59.07,59.225,58.245,59.785
2019-12-20,59.24,59.4,59.165,59.74
2019-12-23,59.4,59.4,59.165,59.475
2019-12-24,59.4,59.805,59.38,59.77
2019-12-26,60.02,59.645,59.405,60.315
2019-12-27,59.605,59.825,59.415,59.905
2019-12-30,59.825,59.825,59.535,59.93
2019-12-31,58.505,58.335,57.75,59.825
2020-01-02,59.81,60.095,59.81,60.835
2020-01-03,59.61,59.995,59.44,60.485
2020-01-06,59.8,58.9,58.9,60.055
2020-01-07,58.86,58.97,58.54,59.315
2020-01-08,59.04,59.39,58.84,59.505
2020-01-09,59.5,58.94,58.865,60.075
2020-01-10,59.215,59.545,58.865,59.775
2020-01-13,59.49,59.405,59.185,59.735
2020-01-14,59.28,58.895,58.755,59.645
2020-01-15,59.24,59.505,58.755,59.83
2020-01-16,59.525,59.525,59.25,60.005
2020-01-17,59.59,59.59,57.65,59.68
2020-01-21,61.04,62.8,60.485,62.835
2020-01-22,62.86,65.45,62.125,65.45
2020-01-23,66.55,68.485,63.17,69.28
2020-01-24,66.715,65.7,65.605,68.96
2020-01-27,66.43,67.285,65.605,67.585
2020-01-28,67.645,66.34,66.175,68.045
2020-01-29,65.71,66.485,64.935,66.68
2020-01-30,65.835,63.91,63.675,66.49
2020-01-31,64.49,64.425,63.675,65.035
2020-02-03,65.89,65.475,64.305,66.0
2020-02-04,66.83,66.785,65.28,67.595
2020-02-05,66.95,66.025,60.23,67.595
2020-02-06,65.565,66.385,65.48,66.89
2020-02-07,66.845,67.415,65.6,67.405
2020-02-10,67.605,67.425,66.91,68.08
2020-02-11,66.935,67.45,66.74,67.735
2020-02-12,67.5,67.26,67.105,67.865
2020-02-13,67.26,67.26,66.83,67.695
2020-02-14,66.68,66.135,65.985,67.26
2020-02-18,67.14,65.435,65.72,67.275
2020-02-19,65.25,64.335,64.29,65.885
2020-02-20,62.34,62.355,61.735,64.98
2020-02-21,59.59,59.59,59.59,62.765
2020-02-24,61.98,59.71,59.465,61.6
2020-02-25,60.2,59.645,59.29,60.81
2020-02-26,57.89,55.81,55.81,59.96
2020-02-27,54.185,55.63,53.61,57.065
2020-02-28,55.805,58.195,53.785,58.2
2020-03-02,58.035,55.95,55.42,58.97
2020-03-03,55.95,58.655,55.725,58.705
2020-03-04,57.06,56.985,56.615,58.705
2020-03-05,55.05,55.76,54.55,57.175
2020-03-06,51.93,50.825,50.0,55.98
2020-03-09,52.735,53.985,50.435,53.985
2020-03-10,51.255,51.49,51.01,53.985
2020-03-11,47.97,45.51,46.81,67.38
2020-03-12,47.83,54.425,45.385,54.425
2020-03-13,47.695,44.545,43.63,54.425
2020-03-16,45.765,50.05,43.63,51.62
2020-03-17,46.685,49.77,45.4,50.965
2020-03-18,47.785,45.855,45.18,49.77
2020-03-19,46.25,45.83,45.47,49.39
2020-03-20,46.18,49.525,45.47,50.455
2020-03-23,53.0,52.41,48.105,54.62
2020-03-24,52.48,51.27,49.925,53.79
2020-03-25,51.77,55.625,50.825,55.8
2020-03-26,53.38,52.35,52.095,55.8
2020-03-27,55.39,55.215,52.095,55.885
2020-03-30,52.46,51.82,52.37,62.275
2020-03-31,51.395,54.33,51.225,54.51
2020-04-01,53.95,54.13,52.815,55.06
2020-04-02,56.7,58.48,52.735,57.39
2020-04-03,59.875,58.31,56.715,60.55
2020-04-06,58.9,59.0,57.91,61.48
2020-04-07,59.445,57.145,56.35,59.66
2020-04-08,57.145,57.145,56.065,58.53
2020-04-09,56.67,58.765,56.665,58.41
2020-04-13,59.335,58.865,58.41,60.765
2020-04-14,59.48,59.525,58.585,60.93
2020-04-15,47.97,45.51,47.07,60.93
2020-04-16,58.26,56.36,45.385,60.0
2020-04-17,58.21,60.115,56.185,60.49
2020-04-20,59.74,59.87,58.82,60.49
2020-04-21,56.23,59.29,56.16,59.9
2020-04-22,59.795,59.495,57.93,59.8
2020-04-23,59.985,58.745,58.265,60.1
2020-04-24,59.415,61.81,58.485,62.025
2020-04-27,61.415,59.945,59.76,62.025
2020-04-28,58.95,57.46,57.325,60.52
2020-04-29,56.97,56.975,56.955,58.075
2020-04-30,56.97,56.975,57.0,58.02
2020-05-01,56.97,56.975,56.35,58.02
2020-05-04,58.99,59.245,53.24,59.945
2020-05-05,59.09,59.05,59.08,59.945
2020-05-06,62.02,60.26,58.92,62.08
2020-05-07,59.73,59.695,58.9,60.8
2020-05-08,60.395,60.375,59.695,60.83
2020-05-11,60.21,58.36,58.355,60.39
2020-05-12,58.555,57.735,56.905,59.39
2020-05-13,56.515,56.52,56.15,59.14
2020-05-14,57.48,58.3,56.49,59.78
2020-05-15,60.005,59.995,57.73,60.27
2020-05-18,60.05,60.285,58.355,61.455
2020-05-19,61.22,63.135,60.285,63.485
2020-05-20,62.765,62.765,61.815,63.79
2020-05-21,62.315,62.315,57.2,62.955
2020-05-22,63.725,63.73,62.12,64.125
2020-05-26,63.09,63.095,61.25,63.585
2020-05-27,61.98,62.315,61.43,63.44
2020-05-28,61.82,63.035,61.575,63.665
2020-05-29,63.035,63.035,61.64,63.665
2020-06-01,61.84,61.84,61.11,63.585
2020-06-02,62.37,61.94,60.83,62.52
2020-06-03,62.205,62.485,61.7,63.47
2020-06-04,62.96,62.96,60.83,65.105
2020-06-05,64.275,64.275,60.995,65.105
2020-06-08,63.665,63.665,62.925,65.08
2020-06-09,62.9935,63.67,62.565,65.08
2020-06-11,60.165,59.3,59.55,62.63
2020-06-12,64.11,63.665,58.15,64.11
2020-06-15,59.33,59.33,58.58,60.36
2020-06-16,61.69,60.365,59.64,61.69
2020-06-17,60.74,60.4,60.06,61.28
2020-06-18,60.35,60.49,59.32,60.51
2020-06-19,60.65,60.08,59.1,60.89
2020-06-22,59.73,59.62,58.83,60.545
2020-06-23,60.19,60.09,59.8612,60.47
2020-06-24,59.64,59.92,58.67,59.805
2020-06-25,58.98,59.09,57.48,59.1
2020-06-26,58.49,58.51,57.07,58.73
2020-06-29,57.47,57.5,56.76,58.35
2020-06-30,58.71,58.27,58.54,59.98
2020-07-01,59.91,59.83,58.76,60.03
2020-07-02,59.19,58.81,58.97,59.81
2020-07-06,58.72,59.13,58.6,59.62
2020-07-07,59.07,59.54,58.14,59.57
2020-07-08,58.45,58.31,57.93,58.7
2020-07-09,58.23,58.61,57.705,58.74
2020-07-10,57.95,58.42,57.4,59.69
2020-07-13,59.895,59.53,58.455,60.605
2020-07-14,57.87,58.58,57.35,59.25
2020-07-15,59.03,58.98,58.42,59.34
2020-07-16,58.54,59.03,58.4,59.36
2020-07-17,59.42,59.14,59.28,60.46
2020-07-20,60.08,60.0,59.34,61.38
2020-07-21,61.52,61.15,60.44,61.93
2020-07-22,61.31,60.7,60.62,61.77
2020-07-23,61.3,61.05,54.81,61.735
2020-07-24,52.45,60.4,49.5,52.45
2020-07-27,50.96,50.59,49.38,51.19
2020-07-28,49.48,49.57,48.75,50.23
2020-07-29,49.49,49.24,47.9,49.5
2020-07-30,47.83,48.07,47.5,48.5
2020-07-31,48.13,47.99,46.97,48.3216
2020-08-03,48.27,47.73,47.74,48.6267
2020-08-04,48.6,48.3,48.5,49.14
2020-08-05,49.72,49.13,48.66,49.72
2020-08-06,48.79,48.589865030675,48.1,48.82
2020-08-07,48.53,48.57,47.7,48.65
2020-08-10,48.2,48.03,48.06,49.39
2020-08-11,49.63,49.22,48.06,49.73
2020-08-12,48.67,48.19,48.24,49.26
2020-08-13,49.26,49.19,48.385,49.33
2020-08-14,48.8,48.56,48.65,49.205
2020-08-17,49.11,48.89,48.73,49.305
2020-08-18,49.26,48.93,48.62,49.57
2020-08-19,48.72,48.65,48.25,48.89
2020-08-20,49.81,48.33,49.0,50.2
2020-08-21,49.02,49.17,48.65,49.31
2020-08-24,49.26,49.28,48.82,49.4
2020-08-25,49.315,49.14,49.21,49.87
2020-08-26,49.39,49.43,49.23,49.675
2020-08-27,49.79,49.55,49.18,49.92
2020-08-28,49.57,49.4,49.35,50.8
2020-08-31,51.0,50.43,50.32,51.5
2020-09-01,50.91,50.95,50.22,51.0
2020-09-02,51.21,50.79,51.09,52.68
2020-09-03,52.52,52.25,50.135,52.615
2020-09-04,50.53,50.39,49.49,51.23
2020-09-08,49.26,50.08,48.85,49.9
2020-09-09,49.53,48.91,49.04,49.9684
2020-09-10,50.0,49.62,48.71,50.1
2020-09-11,49.2635,48.96,48.95,50.05
2020-09-14,48.84,49.28,48.84,49.725
2020-09-15,49.56,49.41,49.56,50.6
2020-09-16,50.51,50.0,50.165,51.035
2020-09-17,49.37,50.37,49.3,50.485
2020-09-18,50.33,50.32,49.04,50.5
2020-09-21,49.4,49.89,48.83,49.82
2020-09-22,49.89,49.72,49.47,50.21
2020-09-23,49.83,49.95,48.66,50.145
2020-09-24,48.53,48.82,48.42,49.64
2020-09-25,48.96,49.16,48.75,50.28
2020-09-28,50.51,49.94,50.16,51.46
2020-09-29,51.305,51.43,50.95,51.735
2020-09-30,51.24,51.19,51.15,52.38
2020-10-01,52.4,51.78,51.99,52.73
2020-10-02,51.5,52.24,50.99,51.985
2020-10-05,51.3,51.01,51.27,51.815
2020-10-06,51.71,51.69,51.23,52.7
2020-10-07,51.855,51.37,51.83,52.9
2020-10-08,52.91,52.67,52.67,53.585
2020-10-09,53.6,53.37,52.665,53.86
2020-10-12,53.68,52.82,53.215,54.2
2020-10-13,54.04,53.88,53.615,54.295
2020-10-14,54.01,53.83,53.51,54.405
2020-10-15,52.75,53.55,52.62,53.98
2020-10-16,53.9,53.85,53.9,54.705
2020-10-19,54.6,54.595,53.835,55.69
2020-10-20,54.575,53.455,53.265,54.7
2020-10-21,53.14,53.43,52.82,54.075
2020-10-22,53.73,53.985,48.06,54.23
2020-10-23,48.36,48.2,47.665,48.74
2020-10-26,47.83,46.71,46.25,47.86
2020-10-27,45.635,45.645,45.36,46.41
2020-10-28,45.05,45.64,44.255,45.29
2020-10-29,44.4,44.25,43.85,44.465
2020-10-30,44.1,44.11,43.605,44.8
2020-11-02,44.96,44.28,44.24,45.06
2020-11-03,44.73,44.46,44.7,45.46
2020-11-04,45.11,44.85,44.78,46.15
2020-11-05,46.15,45.372223429689,45.525,46.39
2020-11-06,45.54,45.68,44.9,45.805
2020-11-09,46.64,45.39,45.54,47.35
2020-11-10,45.4,45.6,45.15,46.485
2020-11-11,45.9,45.44,45.76,46.455
2020-11-12,46.13,46.35,44.55,46.27
2020-11-13,44.99,44.95,44.97,45.585
2020-11-16,46.04,45.46,45.79,46.755
2020-11-17,45.75,46.19,45.405,46.12
2020-11-18,45.55,45.53,45.04,45.75
2020-11-19,44.92,45.06,44.69,45.67
2020-11-20,45.66,45.62,45.33,45.88
2020-11-23,45.48,45.39,45.45,46.215
2020-11-24,46.29,46.06,46.005,47.3
2020-11-25,47.03,47.01,46.56,47.195
2020-11-27,47.36,47.05,47.28,48.1
2020-11-30,47.42,47.45,47.265,48.5
2020-12-01,48.75,48.35,48.64,50.235
2020-12-02,49.22,49.56,49.18,50.065
2020-12-03,49.92,49.9,49.77,51.12
2020-12-04,51.06,50.99,51.0,52.655
2020-12-07,51.0,51.985,49.55,51.5
2020-12-08,49.83,50.2,49.79,50.72
2020-12-09,50.28,50.69,49.72,50.85
2020-12-10,49.66,50.07,49.58,50.73
2020-12-11,50.14,50.26,49.105,50.14
2020-12-14,49.82,49.73,49.74,51.345
2020-12-15,50.98,50.47,50.2,51.01
2020-12-16,50.71,50.665,50.68,51.465
2020-12-17,51.15,51.12,50.21,51.39
2020-12-18,50.57,50.65,47.105,50.68
2020-12-21,46.32,47.46,45.24,46.76
2020-12-22,46.25,46.36,45.76,46.5
2020-12-23,46.165,46.17,46.04,47.035
2020-12-24,46.6,46.57,46.34,47.09
2020-12-28,47.19,47.07,46.85,47.64
2020-12-29,47.22,47.07,46.485,50.6667
2020-12-30,49.11,49.39,48.56,49.24
2020-12-31,48.75,48.75,48.72,50.19
2021-01-04,49.89,49.82,49.4016,51.39
2021-01-05,49.445,49.67,49.33,50.83
2021-01-06,50.435,50.61,49.72,52.15
2021-01-07,51.49,51.1,50.99,52.69
2021-01-08,52.45,52.19,51.27,52.535
2021-01-11,51.29,51.65,51.25,52.24
2021-01-12,51.9,51.54,51.56,53.86
2021-01-13,59.5,53.24,52.83,60.74
2021-01-14,58.45,56.95,57.84,60.14
2021-01-15,58.85,59.25,57.5,59.65
2021-01-19,57.94,57.58,57.1,58.34
2021-01-20,58.24,57.99,58.09,59.22
2021-01-21,59.038,58.67,58.2233,63.95
2021-01-22,58.85,62.46,56.65,59.66
2021-01-25,56.38,56.66,54.06,56.5
2021-01-26,55.275,55.44,54.85,56.2
2021-01-27,54.61,55.21,53.3,54.88
2021-01-28,54.79,53.59,53.56,57.4
2021-01-29,55.98,56.065,55.355,57.16
2021-02-01,55.95,55.51,55.68,57.39
2021-02-02,57.19,56.69,56.88,58.28
2021-02-03,57.8943,58.0,57.38,58.33
2021-02-04,57.61,57.3410644684,57.19,58.88
2021-02-05,59.0,58.79,58.12,59.08
2021-02-08,58.375,58.18,57.95,59.22
2021-02-09,58.77,59.16,57.935,59.31
2021-02-10,59.3,58.78,58.12,59.42
2021-02-11,59.095,58.86,58.86,60.99
2021-02-12,60.6,60.66,60.43,62.51
2021-02-16,62.0,61.81,61.7,62.87
2021-02-17,61.49,62.47,61.2,62.19
2021-02-18,60.645,61.85,60.64,61.98
2021-02-19,61.91,61.61,61.74,63.26
2021-02-22,61.88,63.01,60.66,62.7
2021-02-23,60.48,60.71,59.17,61.495
2021-02-24,60.53,61.12,60.1,63.28
2021-02-25,62.405,63.19,60.13,63.54
2021-02-26,60.89,60.4,59.68,63.045
2021-03-01,61.72,60.78,60.13,63.08
2021-03-02,60.69,62.88,59.71,63.14
2021-03-03,59.98,61.24,58.97,61.52
2021-03-04,62.84,59.9,57.905,63.075
2021-03-05,60.825,58.33,57.73,61.175
2021-03-08,63.4,60.74,59.64,63.08
2021-03-09,59.28,59.85,58.525,64.12
2021-03-10,62.595,62.67,58.595,64.12
2021-03-11,61.085,62.16,61.05,63.305
2021-03-12,65.49,65.025,62.115,65.69
2021-03-15,63.02,62.9,62.385,65.7
2021-03-16,64.2,63.79,63.415,66.285
2021-03-17,63.46,64.78,62.515,66.285
2021-03-18,64.445,65.78,63.68,65.7
2021-03-19,64.79,63.725,62.92,66.275
2021-03-22,64.45,63.76,63.165,66.375
2021-03-23,66.935,65.63,62.555,67.44
2021-03-24,64.79,63.48,62.0,67.44
2021-03-25,62.085,62.04,60.975,62.435
2021-03-26,62.14,62.02,61.42,64.955
2021-03-29,63.785,64.87,63.155,65.055
2021-03-30,63.96,64.04,63.395,64.39
2021-03-31,64.755,64.305,63.59,64.86
2021-04-01,64.11,64.0,63.575,65.125
2021-04-05,65.44,64.55,64.48,66.735
2021-04-06,65.5,66.54,65.29,66.71
2021-04-07,66.695,65.56,65.36,67.275
2021-04-08,68.205,66.25,64.705,68.4
2021-04-09,65.5,67.05,64.765,68.45
2021-04-12,64.81,68.26,64.21,68.49
2021-04-13,66.795,65.405,64.21,68.28
2021-04-14,65.105,65.22,63.845,65.44
2021-04-15,65.115,64.19,63.59,65.215
2021-04-16,63.25,65.02,63.135,65.81
2021-04-19,62.885,64.75,62.61,65.36
2021-04-20,65.115,63.63,62.3,65.47
2021-04-21,63.545,62.7,62.275,64.715
2021-04-22,63.6,63.7,60.81,63.91
2021-04-23,59.005,62.57,57.9,61.2
2021-04-26,57.415,59.24,57.22,59.525
2021-04-27,59.09,58.76,57.365,59.45
2021-04-28,57.97,57.97,57.165,59.445
2021-04-29,58.385,57.62,57.475,58.525
2021-04-30,57.26,58.28,57.075,58.43
2021-05-03,56.875,57.53,56.515,57.92
2021-05-04,57.065,57.26,55.815,57.25
2021-05-05,57.57,56.9,56.46,58.41
2021-05-06,56.875,56.85,55.815,57.795
2021-05-07,56.875,57.19,55.965,58.38
2021-05-10,56.65,57.67,55.88,57.27
2021-05-11,53.87,55.97,53.42,55.63
2021-05-12,55.035,55.04,53.42,55.635
2021-05-13,55.065,53.62,53.46,55.845
2021-05-14,55.225,54.01,54.255,55.845
2021-05-17,53.905,55.35,53.46,55.89
2021-05-18,55.12,55.33,54.8,56.145
2021-05-19,56.285,54.84,53.83,56.295
2021-05-20,55.97,55.36,55.21,56.65
2021-05-21,56.64,55.95,55.38,57.385
2021-05-24,55.585,56.08,55.42,57.385
2021-05-25,56.835,56.96,56.415,57.64
2021-05-26,57.475,56.87,56.585,57.66
2021-05-27,57.185,56.92,56.7,57.875
2021-05-28,57.31,57.73,56.415,57.91
2021-06-01,57.475,57.12,56.59,57.82
2021-06-02,56.855,56.89,56.13,57.685
2021-06-03,57.67,57.48,56.08,57.725
2021-06-04,56.94,56.24,56.16,57.75
2021-06-07,57.28,57.37,56.765,57.45
2021-06-08,56.67,57.09,56.595,57.69
2021-06-09,57.82,57.0,56.97,57.94
2021-06-10,57.56,57.0,56.595,58.03
2021-06-11,57.85,57.38,56.945,58.2
2021-06-14,58.2,57.85,57.235,58.18
2021-06-15,57.79,58.19,56.765,58.42
2021-06-16,55.435,57.99,55.12,58.36
2021-06-17,58.2,57.22,55.125,58.36
2021-06-18,55.425,57.18,55.105,57.955
2021-06-21,57.295,55.67,55.37,57.905
2021-06-22,55.295,55.87,55.245,56.29
2021-06-23,56.175,55.87,55.23,56.255
2021-06-24,55.935,55.26,55.34,56.37
2021-06-25,56.595,56.07,55.73,57.735
2021-06-28,55.51,55.91,55.36,57.735
2021-06-29,57.775,57.48,55.89,57.83
2021-06-30,55.86,56.75,55.395,56.54
