var,rtb
0.3137453996368598,0.296922898963651
0.32736480495541725,0.34231628930939895
0.3198464273017334,0.27044723071085786
0.3313684733334299,0.23510706198494957
0.31369552133360235,0.2940436850507926
0.3295469541960482,0.31314059671424554
0.3167413287766033,0.28427290613701794
0.3150099016910483,0.2854704821545777
0.32950347024767096,0.2443914263478546
0.3131058907767661,0.30566364978120464
0.32797181396873387,0.32192359869997156
0.3624454140362606,0.19698095695029805
0.39786257112801227,0.40071549490829783
0.3738022914299049,0.2837621493561986
0.3141072261122658,0.2972852294603834
0.33728903604141475,0.22089202860762347
0.35038402085915654,0.22331897164801973
0.31588121962939186,0.2849849672831648
0.3261391854021189,0.28974883699990905
0.3253502069491325,0.2990440109210495
0.33240117577461087,0.2981772797258455
0.3169251498380861,0.28403226660128467
0.3474373516137739,0.20288699626238804
0.3595123057266925,0.40515937823145975
0.31310000132662225,0.31314884767459383
0.3190571743953936,0.28514043089159613
0.3330142650592504,0.31841978937459503
0.3358186201131916,0.38130291312123665
0.3233060294638144,0.30898138110892726
0.3664519043241866,0.2467829755687596
0.3474361869726292,0.36181960983114836
0.3468581783909549,0.22153785155097938
0.3652961040599471,0.16990770185686
0.32366113817582726,0.3571526880022171
0.38863994609631214,0.1453159341275494
0.42799661354122864,0.11779749652382754
0.35480434968300223,0.32344064901304614
0.31444542751026044,0.28830542701202
0.37436951963638987,0.18166060204391865
0.3544455730896596,0.18970248969028902
0.31760737902679376,0.3429354687969215
0.3847764505915722,0.2153606803896293
0.3226527318912189,0.2544010995732897
0.4376551308192992,0.4069214611649985
0.330100998241451,0.283324681465537
0.33437377219478054,0.377222876952479
0.3344555922337905,0.3023044506405943
0.328334445562113,0.3650538560334675
0.3327198772073824,0.34565365208827603
0.3398558376370832,0.29345136277656114
0.31873515742588115,0.2681083627090197
0.3132122945424677,0.304141449986429
0.36891395392862053,0.22721185995027282
0.31999246641339285,0.31794544615135334
0.3477179161625175,0.39506170080587255
0.31759217077331453,0.3155435989702047
0.34512853893737594,0.36931697766251226
0.3280077359115812,0.2469314793015942
0.3181811964938268,0.2813903220904319
0.31565560574898943,0.2972544605426053
0.3134860670490825,0.2964727001322469
0.38347481772197073,0.33641532577485433
0.3166942816192405,0.33444287928566885
0.3260292081673453,0.26784541870668943
0.37946597441852736,0.35572580342622806
0.31737389408038014,0.2993453888633526
0.3375910677416804,0.2917062695103705
0.37697142177769566,0.27006981975351496
0.31637047289554177,0.30195579878111456
0.367434631652122,0.27695522817321483
0.39913421419109113,0.4092129278679075
0.4565104833769499,0.07688373086897404
0.3131604630903414,0.3009203433466765
0.3407119162185884,0.3605410449895514
0.31475924143623485,0.32778770938715995
0.3230767693805114,0.2601628975310555
0.31544706646327386,0.2995501305228405
0.33163229645033687,0.27119414201465597
0.3248485328310773,0.36193749751191406
0.31460871358921644,0.2942172785625081
0.3523953393925285,0.2702543094296488
0.32213722116728166,0.2577134506539389
0.3185461208553974,0.2712882271138568
0.3266155919193638,0.3626425347461819
0.3751443409981122,0.3731870845771117
0.3142339642398276,0.30803050912966357
0.32012543393783677,0.27552864446490766
0.31512641027031574,0.30789196533486907
0.316243965234065,0.2778437136301459
0.31638310279231,0.2858156759235124
0.37527035640641443,0.25541445319405387
0.33316028651024804,0.3768475893625971
0.3274122169623057,0.24168813178557236
0.32000777049709495,0.2747556152693629
0.3189787177898305,0.345866605394886
0.3280393067136573,0.23969275595344253
0.3228470694610046,0.3060644620496491
0.3254687785801988,0.2836371717540962
0.31456845908062564,0.3251093692033993
0.3455718258655732,0.20480442942318544
0.3695082896351729,0.17440214458038028
0.3426785102260066,0.3827605662624405
0.31401152688443434,0.3231653955532925
0.3417764456603783,0.30463448096850376
0.3148275596177894,0.2962197689190016
0.3593567794705023,0.3477695777312553
0.39706797940071686,0.41019323452891254
0.3476721770778106,0.2167451529606772
0.32289836835346614,0.35344988940418354
0.360719609868896,0.25392666016835475
0.35876322564844415,0.24642573000442614
0.3335255926287144,0.3734983644838279
0.3349056695608258,0.3220537501772629
0.32277057263365827,0.3069703087395139
0.3194472628925201,0.34322145720283137
0.3186709892662499,0.26973524713707886
0.42301985698302885,0.11105650285830793
0.32345969632436766,0.355987818852719
0.3146529822557839,0.3195754292837307
0.3664116283569878,0.19035257305254194
0.3257151394172634,0.35716253859510716
0.37375388601453313,0.27378572824367353
0.31416863436838116,0.3096054267237094
0.4025303385708201,0.3907265450064761
0.32927029215812087,0.3333266452533712
0.3132240597467207,0.3054036777597613
0.32091565064254146,0.32084224396440386
0.3148002881301159,0.32919699424904403
0.32332713441683164,0.29484834235264024
0.3224519391575818,0.2882992500481527
0.36867611436393327,0.265481671467374
0.34627012120394,0.3627316809495429
0.33891082149569873,0.38371396788682843
0.3177602471186748,0.27327157876618613
0.34486136337626294,0.21073261126526366
0.34558844985906356,0.25786011071102344
0.3885257200514425,0.1922488276751817
0.3243126340944111,0.27305792888755565
0.38206672389779767,0.404882112723699
0.33233514017709037,0.3680864595128308
0.3351382266831796,0.27347912659500695
0.32704806201741576,0.2755439737307048
0.3375280772350733,0.2398281623539329
0.3256826890688059,0.2990400223772465
0.3506043264318648,0.2757826586353984
0.32042693931818755,0.2808165096829873
0.37049618127379463,0.25251702435003254
0.3580807442871904,0.3174756679718984
0.3519076197596014,0.23816326556797973
0.40714445784263537,0.13144838032500683
0.3700807942504206,0.32851767543795773
0.32354116307706454,0.2973099741408156
0.32436944845532395,0.33719009847623016
0.44902941525692514,0.06962284880069314
0.3712837251879671,0.1870940726439756
0.37449254751805205,0.2455468787606967
0.32573672998595343,0.36331203741253826
0.3237889509586127,0.3175373123102523
0.3424603614938191,0.21402428294066822
0.3255783598989503,0.27411841370081147
0.343427289390237,0.38817780945835834
0.44577201875923417,0.09447063832310931
0.3503101541005078,0.22675884917154931
0.31452765450755454,0.2873519061431675
0.3139051357965343,0.3245585858683646
0.3312613317976352,0.2620119880329148
0.31621762501400996,0.3205106604590584
0.3352608851338712,0.2263762769379729
0.31453445965763643,0.32515374183461554
0.31374165068170284,0.3192288296599366
0.3190949452507716,0.3474216263402199
0.3826189357929282,0.16699781591273322
0.35358564459646297,0.1975353744735695
0.33993274307402793,0.38321356016396124
0.3450832561946186,0.30410666280760834
0.33073407932041854,0.24829788665059271
0.37470741057436496,0.27114808844525196
0.3156564186710464,0.3309962620350362
0.3481996944414481,0.26007723863375154
0.3553774774133636,0.24835352775995823
0.33122603218690905,0.24970529663810037
0.37754312809867935,0.23122554055622624
0.3233290353033027,0.2606148735978575
0.31378257016520983,0.3144198449995186
0.3131926888961702,0.31568257374194286
0.32862809196479353,0.3097974621475168
0.33044128302328774,0.23424436057919218
0.33359586406582287,0.36413147897790066
0.3551639087248748,0.19052217941829186
0.39418867222567994,0.16535133757810372
0.5041071777373892,0.018452108933501465
0.36096647368969353,0.1764892382571812
0.3672779481007258,0.16802803639324804
0.3287409736599899,0.3307898126868507
0.38653303949048534,0.3027910912551044
0.3725994037869544,0.15914305843294874
0.3526078179566285,0.20050037808935683
0.3309467282383873,0.34285366198350387
0.3227232202768358,0.2551970146864406
0.36485516745034163,0.17046282627364984
0.3157646904205256,0.3273534163549736
0.35908819193635233,0.1831077461182513
0.3164707883161603,0.28259883561350896
0.33455901857896836,0.2762536770126731
0.34315079739099313,0.24582544622749158
0.315442016148657,0.28709662251762635
0.3164190528399088,0.2954987207442057
0.33226064892324686,0.3377164936884045
0.4207788982404351,0.2771792729128253
0.322089332725003,0.28666016880379486
0.4103019903997136,0.27487650178633416
0.34363249014831504,0.3615893520638027
0.36354811716147156,0.174626955571193
0.3181000882419025,0.2722209265268618
0.332726488682545,0.35993379868962583
0.3337559728538378,0.23754118978605399
0.3175504307199343,0.2990176091394203
0.3496577427818546,0.39828378986464075
0.37311081405509494,0.17401331106742712
0.339168622426857,0.3811878750929574
0.3130051399647141,0.30497778283366195
0.3310550305085258,0.3508274198344452
0.344563662557728,0.3206936251458832
0.31413671777902197,0.2915144026063554
0.35314982056625965,0.206426652328918
0.3144114643043217,0.2961286356014037
0.3141910159070277,0.3093650562278758
0.31686310360045017,0.3066067506861201
0.3250758549963614,0.2548295683363482
0.32047101872547507,0.30466389793498494
0.3144784239068855,0.31391097252170175
0.3486435444632573,0.20962631231485296
0.3177535360876571,0.28667284500845636
0.3240418450495021,0.26856274025191085
0.378746814441664,0.1693568918789945
0.3515672027074689,0.2901652582666647
0.3352760911689245,0.37861300729562797
0.3146379172013846,0.3271909361071519
0.357226449245438,0.2696797348050677
0.3199582892915297,0.3059073148059306
0.31496423783143235,0.3281175041342328
0.3205400929924892,0.2948401011725801
0.339106994443638,0.2296700419357265
0.3318288460964711,0.37419985819199364
0.38224123275097904,0.15217807627741697
0.3497521772461687,0.26922558421196885
0.3442128709632605,0.23965166976444752
0.3135801461093997,0.3077865557376176
0.34091198686249896,0.26787261263939666
0.3452986940823696,0.226785293863758
0.33872344978946944,0.3730454859305745
0.3458232886523332,0.2503484894380579
0.31553469264960793,0.3096135441065868
0.32559149997448456,0.2905843880428589
0.3477651120201076,0.20331763478038423
0.34119447741249076,0.2628309411346621
0.3529814692529334,0.3176759957389004
0.3557575543826428,0.3808350320069842
0.33855154493826034,0.34709653260804885
0.3170438758257169,0.32011027797398106
0.4143665041861336,0.3857142422429456
0.42817333140886077,0.4082534801537132
0.32330280873870615,0.2574580013163805
0.33884953272800394,0.22138364998664994
0.34982922250071763,0.20074517007112802
0.3305235453911559,0.2958608364161932
0.3545142222050565,0.3626163614338296
0.34964045206627503,0.2053415391783424
0.3233937136220552,0.25194396813785036
0.3319127449677465,0.28762475681346045
0.34549932716756393,0.20800301765757023
0.3192185460797351,0.2770067223790291
0.3526705750219215,0.2615524669784599
0.33415509067184945,0.2317908613725157
0.363390255236579,0.1732707533428821
0.3334249397239842,0.27750222702730754
0.33762389872665943,0.35538983517536415
0.34373238813130425,0.20644001652627497
0.3247899295931225,0.24946048417656863
0.3769857624039912,0.19737420963465802
0.35227361536444196,0.3923563134419257
0.32511316465005985,0.26309919920678193
0.35817986079113545,0.1814279720319225
0.34011036929832417,0.29632856193707857
0.37420064889530147,0.37942993828791627
0.35052201271812317,0.39657112495417457
0.3152707181885307,0.3037243814413444
0.3180193555410163,0.2903553494459772
0.35791635554244416,0.18154344895040708
0.36713794269440253,0.2775238893593619
0.36779336139847213,0.16935508000947408
0.31850669181877833,0.3210906221851211
0.4611954557979637,0.07050121921413832
0.31670945868430583,0.2787159759700999
0.3381664267562818,0.34259456594269033
0.3440733439775048,0.2742660425402357
0.31638145735440265,0.32525905290852797
0.3715530538001806,0.2782667177557663
0.3945664323522059,0.14849638262611675
0.3652455660891847,0.2424266140693403
0.4874263105907383,0.035514118126089844
0.3316744029872087,0.2326166039083346
0.3485041924723339,0.2513779433047869
0.3279114548696479,0.3010851404976127
0.3694870096205637,0.3988951075276237
0.3455387918194978,0.2407414849596763
0.33795480286983753,0.22376705914522033
0.3394475306903147,0.3159301921604074
0.34649831401866377,0.20755867803504802
0.3364579280238199,0.25804855798671555
0.31306687148751006,0.3036115830237778
0.34261324728417203,0.25890154337042004
0.371911539128168,0.25634158203476565
0.3440663220318919,0.22555360814407566
0.3679372332695598,0.4021697141108307
0.33095452498125716,0.3736825656568552
0.3902872796078188,0.14498929830331808
0.328761536390224,0.2515261575373142
0.36965411959945904,0.40384793610916025
0.3552739535419569,0.3975444452565249
0.32057370491515846,0.3083913945755352
0.34651839731177375,0.20173438278783107
0.33530069040539995,0.2333219784685292
0.391201954303645,0.16612171484515614
0.3316211912679673,0.37389720198188336
0.3186566343923295,0.2688756174595368
0.3285665748153242,0.23888093761145046
0.3309172310443756,0.3123613333304738
0.34048702231405037,0.2226295676630179
0.3341126797269948,0.3592716220895127
0.3192456422613606,0.3431893088158353
0.3614850072525818,0.25486844356617966
0.3145073683673277,0.3070604275108222
0.3139152997515283,0.2958145560135135
0.3315945988035265,0.2522937172602602
0.43262539701356884,0.10683000193901204
0.35629933172494455,0.2630807701403073
0.31726284772291696,0.31944580799278643
0.32297321772562354,0.35630304299256976
0.33269703683283275,0.3764243544903798
0.32931583836164086,0.26710859254305963
0.36906703292596316,0.19297365206101325
0.3214750888624532,0.2818343091561377
0.3346910800278526,0.2349888677347114
0.3208154233549506,0.26045723398939535
0.3732039045090743,0.3908607833280042
0.3502874423378227,0.3463423806338142
0.3441497151127217,0.39215336372363785
0.3216207013876128,0.3545656854250938
0.36897220598375574,0.2584038885193156
0.36576688823574516,0.16892948905286165
0.3202030737306882,0.2631801397953675
0.33404407465170805,0.3678512946942569
0.32110373424412936,0.31004256613457604
0.36761921607437403,0.2781939517086056
0.37449904230611974,0.3621748259753683
0.3733038598890444,0.4074153424609699
0.31395281902543626,0.3188489973489419
0.33105920239403225,0.23242408564896144
0.3414158859987073,0.3455738256869674
0.32910145057432205,0.25431424493344745
0.32750179324696405,0.362265039661561
0.3520623782447102,0.19428301602492581
0.35242517078219343,0.40030047972258775
0.33821323095726397,0.219253052406007
0.31512107586386295,0.3134395468386446
0.3396092126027048,0.24239505604334144
0.3193118089617408,0.31771440614188595
0.3289313477828616,0.24070505147254884
0.316143820286825,0.3368163860175275
0.31919824778774986,0.2915558940129308
0.35774146935972856,0.38196255521207334
0.3290757427172928,0.37004220121614795
0.34358541990098973,0.2545994130331093
0.4084735118603101,0.12950693223053333
0.33965592197520333,0.2217525102884066
0.3530922700479279,0.19600224331668814
0.3415321368825632,0.2559840230065211
0.31815364660811474,0.34480019895088754
0.35969001849463905,0.35484208340875645
0.3325323808336849,0.2576639911914538
0.3143038396514808,0.29218752837406803
0.3410062431707174,0.2208525558491894
0.3223823301180197,0.3563016718458045
0.3534775610438092,0.34269594797147507
0.34055607774742114,0.3655082447118214
0.329692929176822,0.3042150123615215
0.37379136396692964,0.34766198917942215
0.33616612016038083,0.27610685652206635
0.312969756292834,0.31160003876921216
0.31567491928231517,0.2986239385916005
0.334939077812431,0.24617402498028018
0.31652322570424285,0.28127849157435847
0.3261308642911201,0.2788968143590691
0.3219229006771577,0.3551550774102379
0.31334578813928793,0.3169893336099854
0.3189621216265411,0.31199068087285164
0.366685653928966,0.1992103740554021
0.3151671266195391,0.32636153532211054
0.35473030375835846,0.22292371892477547
0.3130507586810922,0.30549885431088075
0.36957021771714915,0.17029149833892498
0.41285358198614514,0.12645172976742924
0.3658613308178391,0.25762570707324195
0.3280094007793012,0.24520784945085516
0.3269516321802055,0.24251292463278062
0.320662780685479,0.26095768232977234
0.3148516307071778,0.32583990277855546
0.36403706622980025,0.27340677252737966
0.36623969624671127,0.2123510166409026
0.31612223782868654,0.28583689369523
0.37786839471780026,0.2689321103194886
0.38990083086750116,0.4040081725011224
0.3337402506525624,0.2268915759766621
0.3255826861417101,0.24595135064737295
0.32182813826281803,0.28960405887482454
0.3374882631278677,0.22013586649496952
0.3499802929126033,0.2072690454276691
0.31352713616054706,0.29877164003922396
0.3228306390394147,0.350974868487246
0.3297007492038705,0.25544132007794995
0.3162047951469849,0.3230767874824607
0.3451952747780247,0.22232421204526798
0.35371478942549006,0.4019085851667623
0.3201361250818058,0.2759341494723029
0.3199368249904382,0.33246656287098086
0.3147020338001947,0.2894292427896523
0.3366913798318476,0.25722229195556623
0.3200876764775963,0.3499557953387893
0.34083950897912535,0.3353126084784246
0.4318834446012314,0.09151763393384993
0.3334122385703807,0.22772658179354655
0.317613752996336,0.3413787668849131
0.317192592143812,0.2748679653419934
0.34496686490861483,0.39322026822989486
0.3242801668590503,0.3375767724311505
0.3149418740465127,0.3028141609544617
0.3146476181344793,0.3171436608378726
0.3329781785929159,0.31581587125432065
0.35717471986436644,0.18426533244789223
0.38138567872298434,0.35426541734685557
0.3433762514239037,0.20712693383765957
0.32015516974735886,0.29959130244018506
0.35943349471937724,0.29386485333755874
0.3466147308449736,0.3011607268825818
0.32383420051208334,0.2527466832817322
0.33583974271926165,0.3717603813677035
0.33601361107690675,0.3574776883147315
0.39640250181273956,0.1358229210176094
0.4012751097389644,0.3953181445691809
0.33162832822104177,0.3136818032189732
0.3236529876658066,0.3008451860932797
0.3791237845676475,0.41072044804097607
0.3343569960230371,0.34435988755573055
0.3228014295413217,0.2633690980120087
0.31624886615326436,0.27782931699696944
0.32498854594459603,0.36225076617488217
0.3130454314138644,0.3095217779458108
0.3245059784690176,0.36132656418160036
0.32025130055048195,0.26381217345785135
0.34113746690405,0.30913521161579616
0.31421577123302036,0.3063520309894634
0.3149638762366577,0.2875583527802874
0.31615469985819245,0.32758279096822607
0.3607261646226773,0.17778686871290583
0.331459522966136,0.23160117009942782
0.32234734465531506,0.25877291496327537
0.38797699870312535,0.14197024834310845
0.32025067994028417,0.32883203844866515
0.34558844985906356,0.25786011071102344
0.3321431004893735,0.28471342176227643
0.32610027771293887,0.25627278850943824
0.37320553103774073,0.158301539941059
0.3420927682334245,0.3272952822502422
0.3186517952893582,0.28342384334346327
0.31389446849183866,0.3102304367104063
0.3592990496639705,0.3112735920923426
0.33502509076657216,0.22370211050699407
0.3405820876406065,0.36935314240411654
0.3159408836856388,0.29093712648223047
0.394748515980554,0.18503251999554893
0.42812411382314497,0.10510553889256502
0.33587250565948507,0.23043776564027918
0.34850765482842644,0.33269142370582583
0.37450122901811705,0.2935670089015583
0.38132340145551064,0.21317984823765967
0.3264497126096923,0.269107634525682
0.33047083997437654,0.3057607350593836
0.3505608201039014,0.3900715721083565
0.3145316052050341,0.3171539713546627
0.39603446744875237,0.15170196244240008
0.34341661277124097,0.2938938257449768
0.3439990950384751,0.29139335062888705
0.34370955426041866,0.31186620812939836
0.3440176019495626,0.3474261747594125
0.49745070546201675,0.02699562649430698
0.32317097883441465,0.3582365820619755
0.34351657992198803,0.29544153078232327
0.3669100713449133,0.2717140281028372
0.3202960828094095,0.26205286193194244
0.34226682551996274,0.3868909121158186
0.4457653483831385,0.09834782010326482
0.3204130290513536,0.3129917977065
0.3234431873737264,0.3530256676342758
0.32655124113301587,0.3387906514125356
0.35800305638684576,0.3187561687692362
0.32790642278128873,0.26490271099531215
0.31509119064564955,0.28378969537893517
0.3271749644861429,0.34274581414688066
0.36521728076301047,0.24790686197329292
0.322743019975645,0.3018502589084304
0.34392366405273145,0.20747317657226616
0.3406550843069982,0.3005994279903992
0.35127956816317796,0.3074135692647628
0.3582830805208948,0.23012983480574856
0.3798986110475597,0.374957980513247
0.3937757148195209,0.3502358444877969
0.3180162539842756,0.33770878593489995
0.3200542326858522,0.34652869127198604
0.3207229565173906,0.342640856412199
0.32103928443042373,0.28720199413659175
0.31498977768235237,0.2909882483558959
0.3729567538688894,0.21592951342897138
0.31650880162449146,0.2948922991155869
0.3396415199697089,0.27540101312414866
0.3533314485693775,0.2452107129839225
0.3905890496949341,0.16555896010381832
0.3155876001683953,0.3232770525024591
0.33887851204778463,0.2520670330316124
0.3304240069666147,0.2598753268999521
0.35925760843875526,0.18821776870591522
0.33146243876791964,0.3610761570600822
0.3366378828526096,0.22264282288788406
0.4074130894061912,0.13325166964155866
0.3493678859788551,0.23024372664003412
0.3200350422713628,0.2624884159496621
0.3155862811819981,0.31659458942450325
0.3415407801090316,0.210692939444467
0.3611655274846752,0.221897010218159
0.31349446911916706,0.3079259956305338
0.3258055164654323,0.24771584247103795
0.3233898849075749,0.2554308421158049
0.36403071967241085,0.3728694535619532
0.35955396695546155,0.18262729297002767
0.3333500705912693,0.3583228031695438
0.3171541383682712,0.34042186517455186
0.37360597936625184,0.3012946248706023
0.31627310966368866,0.27908733758783755
0.32078653132247753,0.2608886754707942
0.32777959500516174,0.3649208413029319
0.3132934197458471,0.3075136053072567
0.31607082659161606,0.33617542807933964
0.32190153460287885,0.30243436604992846
0.31696512343610517,0.27731482173771704
0.3520950042429877,0.19565319562533157
0.3349597353152132,0.3638526813759235
0.3348095298327803,0.25700070440178435
0.34267481916275755,0.3814850623940955
0.34004781601745077,0.2194119539341084
0.41552618057607965,0.12343870429034753
0.35845109128636626,0.26215568145788937
0.35618900454395275,0.22750924891502744
0.37236342998040245,0.294179335061711
0.3656024819833789,0.39504519689566275
0.3191852042397474,0.34752553551555
0.3134079803496651,0.3165987471975975
0.3365054888337217,0.24461598190016076
0.3428100161544797,0.3677495407906912
0.3469277375909349,0.268703061113194
0.31491847534747097,0.32962600716847246
0.334569113078724,0.3196776407413904
0.3361028208848477,0.2534313935194914
0.3394409544909608,0.21481958044634952
0.3242565449000549,0.2724993903523796
0.3414325112906129,0.22146365069613227
0.3159631507757378,0.32488975712236123
0.3463926458000501,0.21494672979021523
0.3381055971472985,0.3834000643294746
0.34394039918495045,0.21136282038549536
0.3482297887587623,0.28546209989546645
0.32064208004472483,0.260658412968779
0.41681411586874234,0.14518730928447376
0.3403553384439019,0.31831723418961455
0.3492243279933859,0.22005325092006012
0.31539114384632144,0.29860421176316976
0.3200373300022915,0.3468062045484961
0.33162384761729236,0.3508481761142317
0.3166971826713156,0.28468637324077095
0.3918571158969543,0.1666810762306694
0.32074599153302263,0.27041027561090436
0.4357143462060466,0.09317577465499771
0.3301706737909028,0.3290736583840024
0.33083751301253983,0.296445190374252
0.31374674202318437,0.312984755637697
0.3182315561744156,0.32696895031298245
0.3565398125676291,0.19830441326811798
0.3790493265020841,0.320015414007649
0.35041686975788366,0.38635282586294695
0.3405730134010701,0.2720287177970546
0.3202513774994997,0.2934081043867014
0.3277415328933481,0.24029077935706544
0.3203070887738252,0.28126367550575027
0.33379682065820576,0.22639026269817553
0.3186453300265975,0.34598492997437313
0.32910945530863644,0.36612742760493444
0.31683084250858595,0.27516631964404237
0.3305998383495003,0.3716168634518102
0.31942587514590076,0.26862404038244336
0.3168824630638776,0.3046308134798641
0.32718140191814893,0.2421284971220261
0.36398428928733767,0.19227777935877022
0.32039261225501303,0.2968617152385844
0.3145530759128078,0.30092602814786007
0.32025215429398307,0.26989213597264006
0.3976004747864671,0.37021968106186587
0.323450296658618,0.27745510980486743
0.34078020394432623,0.2121676628374456
0.3201847480633393,0.35090566100013043
0.3273854190572298,0.25771494342255563
0.37379136396692964,0.34766198917942215
0.33646043221179944,0.2913582904795151
0.325577467776335,0.28890125890441665
0.3182812277279139,0.2693238502949502
0.35430628440282674,0.18800631017564906
0.31871846935338394,0.34215864695389686
0.33235562701725646,0.33629514409888683
0.3220660727775095,0.2635760399816218
0.3385682629146125,0.3178800234819623
0.34980901034740614,0.347244208335834
0.3191426565561735,0.2934231695235303
0.36583615410565046,0.26553328841902357
0.3235210616723241,0.3562092130217678
0.3228937805418149,0.3555845292250792
0.3667017338590496,0.33301364147137513
0.3559020694553556,0.37708985570845877
0.3173328802364532,0.3338468073391274
0.32506687159051567,0.33308292684777463
0.34474834597646487,0.23114980525217255
0.35742729694167996,0.18599832012297735
0.3212906339809278,0.2624905759500542
0.3293637893115776,0.3709047760383364
0.3211949400874067,0.3535430198412812
0.31508771934792235,0.323592526832823
0.33830652758402274,0.3846099069221611
0.31478513992269386,0.3255076315423826
0.43742061535945237,0.08153894908134385
0.3306935533791562,0.35832258383462334
0.32033657099759794,0.3154302549772905
0.3474264969101164,0.3539568939566178
0.3180496777471933,0.269742667806701
0.3486518248338707,0.2860315418676169
0.36043762883804414,0.3294576538893845
0.3340357546738984,0.2742666463896779
0.41424864153951635,0.27753829823600484
0.32640523092682366,0.3638984557371159
0.31575314180316216,0.31518735872058046
0.3636869299257314,0.3979267397637438
0.3161110334635903,0.2808946309381424
0.36565134472772803,0.3324881350514428
0.34677723907732066,0.34157453704627594
0.3723144071117043,0.2710122126947452
0.3882040763566668,0.13836553356178483
0.3584309576917479,0.2506082178380491
0.3275548033836782,0.26247779618765055
0.36959529597966967,0.16458812153719893
0.3218903104180822,0.25882412728981286
0.3138915840130474,0.30751362462191123
0.32320177373528336,0.253203374205377
0.32630677343717235,0.28173296668787384
0.34688993159405457,0.36634190596975724
0.3395826468094818,0.2539889548819896
0.32608351379981404,0.3635357243717241
0.4227228411926833,0.09953296261769173
0.3269174759430534,0.2539284423689774
0.32749882792253443,0.2807466549461022
0.3632389713830195,0.33459925162110427
0.33357022500901307,0.2274550896940868
0.3241980711003931,0.36080795747889893
0.31524156491520167,0.3122446590441177
0.3551689515393505,0.2645744062528963
0.3337976428871733,0.2441945466261921
0.32003817834762716,0.2687616780615023
0.32005975443522244,0.3231576927791502
0.3175651357969484,0.3306099271360252
0.32282105610453987,0.2698732097735632
0.3515840959810471,0.27155974013340667
0.34048763291511847,0.34831842679263136
0.33938486315374455,0.21951381648412194
0.43167918876397204,0.4105750481971502
0.3161420586869658,0.2837937098194516
0.31391549667250607,0.3234562473715552
0.31600477833891416,0.28321236331468946
0.3357697030939688,0.2774953914413403
0.362033392238821,0.39434227159071034
0.3133146422637617,0.31131492587598575
0.3408701250035386,0.2825465424859688
0.3668220956802784,0.31413186812214344
0.3145669898638496,0.2883575470234956
0.31798514473117573,0.3024873836752764
0.3458501418682142,0.3489449043995847
0.31385687784641114,0.2942886171063117
0.32752986189506184,0.2708605965254831
0.3907125737194197,0.3724812704334197
0.34694961061160096,0.22808387202957459
0.32976626623763755,0.23570594406497514
0.3141297601727049,0.31080631515485124
0.42532364782485155,0.09966910826572573
0.38776213467527015,0.20677779313184574
0.34845958148612427,0.19960237088209598
0.34540507183359953,0.36855627744261543
0.3395604430506423,0.22248370206231982
0.3218650032351627,0.34957301445340083
0.3305603991046804,0.3620400000087709
0.3676463580021512,0.20546338437175948
0.3211610197400552,0.27860462458685453
0.4439729086370254,0.08089663445982254
0.3727148128275156,0.15906713938521744
0.3243813798181055,0.3355347416119967
0.3512628102559342,0.2752465215260371
0.4080150793460124,0.14259853579548176
0.36194806577060823,0.17618327952251733
0.32686111757687236,0.29920843809916153
0.3361668096841545,0.23961373467186853
0.31400599207280344,0.299338372970124
0.35084485395155146,0.20161913574916723
0.3724924671699769,0.27446821974609437
0.3368970714808788,0.2995739992437709
0.33586483509642695,0.28959905826092025
0.427026446203157,0.39257242992202146
0.3129557939961587,0.30938355493312986
0.34862548938151766,0.2169933564918276
0.39275193977239664,0.19076146063146138
0.31620821187480075,0.3042328512234733
0.3228774264538999,0.2604015221130225
0.31805118216387734,0.33953891406520165
0.35643269669021704,0.26012255807809814
0.33325227718279876,0.3069408046868336
0.33622355442191043,0.26466181947290845
0.31580269617404494,0.32221517293802937
0.32426412554603606,0.2741514866231429
0.323232734009377,0.25373428850476576
0.3174380753844627,0.28172183727175226
0.3829841693940516,0.1543258977720181
0.31351578414348424,0.3192653126773559
0.3300419935325172,0.3501673425870824
0.3442262374632505,0.32758705553012946
0.3472095854818092,0.2043693341736217
0.363720559959715,0.18291423088834757
0.3493991426064127,0.22931435490258356
0.3414789730392845,0.2337712576270734
0.3792390911144714,0.15301823001521409
0.33879223756628746,0.3414202751118962
0.37803585728269545,0.1886838740615262
0.3410085995405424,0.21371951669506695
0.3585015068464281,0.18097672497031425
0.34594711657120575,0.20511459341776317
0.31575640477524386,0.2850330795891709
0.36884434653161835,0.3025230905187073
0.32505997469345005,0.3406961893845928
0.342409912680111,0.38966485875715984
0.32597116465984516,0.2496068700848484
0.3603987461919577,0.40200649690291645
0.3611751991265713,0.1838228981280059
0.3136190032578462,0.3209006105806509
0.35234804704505335,0.2726250689161933
0.3312895152220082,0.37401406704154105
0.32260580207029005,0.29210661761876566
0.36746801245870736,0.2455036172283689
0.32035476286564957,0.3294069801585622
0.352943957996605,0.3283120937399233
0.31509281379356796,0.2837607586063673
0.3267502248731127,0.3462895657969105
0.3346778114056553,0.37656793999845384
0.39912946369022534,0.15430992347646555
0.3356701374567321,0.3066046558619111
0.3316097020020197,0.3379670843992515
0.3155530822785857,0.2813642901623079
0.32060516571576225,0.32323841254679575
0.33318537404942,0.2985588968589088
0.3312910420097109,0.3703190169145063
0.36650451467114975,0.2803429477071502
0.3712415458224947,0.25378569791754346
0.34808796447040546,0.2814398924887247
0.3208936236438274,0.29702683525289264
0.35037943924124226,0.3986590699219701
0.32036597760664176,0.27320727844025083
0.3790303978651442,0.17186413663163003
0.37384691209570536,0.34020668968158563
0.4234159396424886,0.401099258440093
0.3278009890411428,0.3644141088181281
0.33930798103516885,0.22424033304488855
0.35855674527785986,0.3931147924856926
0.3647758221392298,0.17087011533589358
0.3718793542658737,0.23897624553960184
0.3606659322993574,0.1869839325548477
0.3464481024968769,0.2514013234350998
0.3193797004486549,0.2651823805974336
0.47119513820712383,0.053841178465755535
0.31656610598802354,0.3390284590689874
0.36122146496266255,0.2769052695000478
0.34255603183698685,0.22554815647578175
0.33586545476859775,0.35304149270740637
0.3149802279251394,0.3140813120932793
0.3296107594449822,0.24875542882411605
0.32639152465041066,0.35518712036715905
0.3219935563362608,0.25788717803333205
0.31340707518754635,0.3169989303421119
0.3371932360150718,0.21945697080391047
0.3235611465085156,0.26199542712138
0.32291566081289363,0.25411462881514035
0.317585661863793,0.2723624397319635
0.3196422957033379,0.2676000120490585
0.36941565124418774,0.27115309237592844
0.3149082766762404,0.32649213208938166
0.3805520217955825,0.19208264753206916
0.3400406036668203,0.22237971094290954
0.33743287372192976,0.26388276040092484
0.33201911163505404,0.37530189366930533
0.3188085992176935,0.30553808129393945
0.3451070204360451,0.3222743531763099
0.32116144556267673,0.2793600328139283
0.3297439135445536,0.27717094797382824
0.3185829261458623,0.3462052670026159
0.3426262433046354,0.25839092072760206
0.31488982439972885,0.29703197433450645
0.3354416047443155,0.375703393903589
0.3631385685537857,0.18707428808125104
0.3170983386874954,0.27971013708167014
0.3152529260937318,0.28425412584934784
0.49865639500672543,0.022996752157024458
0.3151876744550157,0.329203441115026
0.333233087491425,0.36428086978551466
0.33017153433436425,0.3714471354670055
0.3215564090149376,0.3545824470150081
0.3241427951798991,0.24986430731102383
0.3466200592296338,0.3163745943604048
0.32980928690583833,0.2535806303023507
0.31886372610711966,0.27088115890198194
0.32120420855701337,0.31816184542334747
0.37736356856574377,0.16190686184787828
0.3223132228472667,0.26004256633941636
0.3152435741016477,0.2914075429783105
0.31706595847201763,0.27865574807623705
0.3172346389577217,0.334271740351205
0.3484265386317992,0.21288153011765631
0.3499898467949517,0.2198652545119988
0.3326617208843471,0.3736521766077068
0.3320480033526257,0.230204778429016
0.34353940257493015,0.2573487221035562
0.3316260512887145,0.23968854407123796
0.3410964149269119,0.22938113423673268
0.3140963240524509,0.32464423952707344
0.32106833377521443,0.25900401237116455
0.32828151774704434,0.28438291445966746
0.33539306307735783,0.2983102415533101
0.32876470474854885,0.3007483413109604
0.3311933102665031,0.23619838070008026
0.3267786409174619,0.2583243072282313
0.3333309279580024,0.3227788536161258
0.3155925495634135,0.29414058364698814
0.3707448873181333,0.17117492350307884
0.31379298692367175,0.29413719406504835
0.45920542743195436,0.07871080532683017
0.3277085459481933,0.28344296411636827
0.31910029187697014,0.28413733894703364
0.3752039477597744,0.1557321233956881
0.3661003227216156,0.16886545652202134
0.34167976874386446,0.2747708540999456
0.364581865943118,0.20416700197502946
0.32291040088382567,0.2591397296615181
0.3209506175258852,0.2794323742020688
0.33259575816385323,0.2561256205849416
0.3830667919246417,0.21235187463549243
0.3254538186054779,0.2574970147041873
0.32515020713354204,0.26120345963862635
0.327599854975297,0.2428084792517331
0.34684584318798395,0.20214636630543814
0.3226925518416818,0.2545955270811515
0.32208850444012366,0.3410428849907914
0.3622193164735526,0.3314933219203242
0.36238306848442287,0.3713282740666035
0.36640820293069043,0.17290915233318493
0.32911913391938113,0.2381757921712293
0.34948975707237684,0.2720154897192315
0.3576044220776058,0.2825099369068391
0.33518130698533394,0.22938704208386085
0.3198789180714558,0.26374905798288073
0.38241125473757687,0.31052760335703566
0.3194173315409351,0.3424894783949326
0.39558108862789837,0.163483907967384
0.32231256967264654,0.25525486490216154
0.34189440796200105,0.34428390512373586
0.37218925633190647,0.3404903247562947
0.3305313909287115,0.3690473544084023
0.3193426871558835,0.31912625499344327
0.3323612333011235,0.3759286812614242
0.3826284417423252,0.19728797038729562
0.3384046854751002,0.22438459996747584
0.33891459665374757,0.3618981644443062
0.3203316824825362,0.3482663956426224
0.3535992474618495,0.18948199114555386
0.3160664103847471,0.3275680286862084
0.3150916694718884,0.3233235484923618
0.3166560930160107,0.27994465463814344
0.3269989232670416,0.331945247551126
0.35792669312532227,0.2684670913245677
0.35629731896954897,0.3204642163448017
0.34401400557778705,0.3917973892950588
0.3777911626461878,0.3784901593868575
0.3264167661604046,0.3641229059826978
0.39148503221698566,0.39310633221744395
0.31425315634490586,0.29011017723813426
0.3462881468309171,0.3582433809958496
0.32484169023691334,0.27364483057466193
0.33996125041545966,0.25491899220002434
0.3452529960075169,0.2034369319081908
0.3303896105308528,0.261557359761742
0.315185593051567,0.2952706713596327
0.32573525584551305,0.2795111778457746
0.3252332594279505,0.3480206683732454
0.3332403347303765,0.27483922358788715
0.3363123109535847,0.22310059695406337
0.33457702216339386,0.22630433287078744
0.3284447310897057,0.34276052560933046
0.3587887133722595,0.36034947884686086
0.332726488682545,0.35993379868962583
0.4482746022457691,0.4048387911545752
0.31564858835441295,0.28532938261152485
0.315357166681001,0.2987056099602068
0.33912356701125784,0.3213404561545692
0.3250306608107755,0.36223330027362466
0.3289247254058502,0.2472381744468326
0.47610265222582915,0.05350734516101152
0.32866666345090884,0.3430497538668036
0.3471590502610988,0.39368085127855657
0.3326208394432852,0.23045480223948744
0.33429081706022995,0.3724872740092513
0.42333822403811305,0.10772574510209143
0.32154993794048453,0.34485343915043587
0.33780430940293305,0.34066484197542257
0.32557091459134635,0.34032813048791777
0.36855734291819914,0.30950467474687304
0.3265742061598556,0.24343836300654487
0.3317577170172063,0.2657941431630324
0.35778598960362934,0.18515419388131948
0.3170795522634862,0.3390109732212716
0.3759809985564039,0.19283903309786599
0.32202823561748956,0.2564593346312798
0.33292559851543635,0.23560646585581324
0.3142191879563971,0.2912176647413669
0.32654715170434023,0.2829617792158159
0.31992628273070217,0.35006571432741307
0.3848710010904667,0.2697913925375224
0.3461959868385702,0.38271375481100933
0.33418003502498744,0.22673868321501134
0.3284232783255995,0.33953659748764276
0.3132907898711746,0.2995993344845067
0.34304239268838876,0.2340342000926059
0.3404776963255647,0.21433889524009664
0.3580099382484303,0.2012896543196665
0.32925152869922314,0.3506523621637998
0.35883638109302507,0.18070780664094244
0.31439907075161105,0.28962010680930494
0.3482184840739385,0.23815728199381203
0.32330660069425554,0.2873710286184581
0.3498481612107472,0.20812484860410052
0.3658686840105628,0.16897011328424627
0.32977330741703104,0.3530203785646655
0.38333360003305345,0.2855603259492956
0.3250921805747994,0.35986466128979533
0.35306302669647344,0.2890877080837515
0.34627248109581177,0.20157549181901402
0.3246840964227476,0.26878082229825795
0.3435659806743476,0.2158769078847742
0.33855494319263874,0.35556195458604245
0.36545966012425213,0.2532055199531986
0.33306901407674794,0.2667424925162052
0.31546426132215244,0.3129442897429291
0.31883126362879005,0.3247911280583675
0.31998439141808993,0.2635764220818231
0.3944530765664873,0.39825030811781237
0.3182957875660314,0.2796262803104488
0.3475262764439475,0.31449497146552696
0.3777571545122421,0.20060421606307233
0.34715452223299403,0.22676311155223616
0.3401687382393132,0.24872943637486156
0.32336471543554224,0.3425639768046047
0.32368525248285085,0.353721745876983
0.33988174792636816,0.2623302057319661
0.3132201741419717,0.3144421828253279
0.31739428172394624,0.297123592560099
0.35977942030861465,0.18394105151821694
0.3727573723875509,0.3927407650946695
0.31480045506380366,0.3261753786377257
0.31971465017674183,0.2644332325634424
0.3330299250422765,0.3412493816571154
0.3864111568745042,0.3500232243342707
0.3761363849585799,0.30535208834580274
0.31718186685654914,0.280746137225504
0.32876179756946794,0.3593460353076474
0.36591214466278366,0.17574900865113818
0.3138308161950824,0.3085500219506869
0.3175882599614192,0.3344840892676699
0.33040554743292905,0.2512469365869898
0.3805830293085951,0.19351290001261812
0.4441709108875387,0.07457771569788196
0.3428904708425744,0.30152631849101086
0.3430868311504653,0.3866604652923027
0.31538212047489556,0.3034675526509969
0.32222565812325743,0.35610442228881456
0.33535058501743203,0.24592690285071428
0.35546506697335656,0.19839044256760485
0.3255450325335198,0.27610934294568223
0.3337428167324937,0.33976796774013485
0.3189587014564695,0.3096768362529856
0.3164713435488935,0.31341231394642266
0.33071091721047186,0.3731997165254086
0.3281313099177695,0.3424454691807246
0.33868509737144964,0.21978009001280197
0.32326730472313236,0.3585533863100199
0.333112295475581,0.2277179461077663
0.3803078357816171,0.224186920339279
0.3196078590471014,0.2798964557943875
0.34022397042871316,0.3348054985209368
0.3260640961423041,0.24956797278643505
0.3130509293563652,0.31381665309928897
0.3286001892624395,0.35931179008606184
0.36037391881929576,0.3988487747868221
0.33615129260013143,0.27276120042683694
0.39647009818580325,0.14668123066873706
0.3233002384140664,0.3150651753105149
0.37051576664541347,0.38203255574433825
0.3395575611909664,0.33034833140146014
0.33554642893326375,0.3236963697934292
0.315059249610681,0.32907211682812365
0.3226740472637687,0.2852604996369945
0.3418683848500273,0.3249677167260199
0.3273804566209383,0.2458537014944484
0.3189226708480937,0.3365719252184991
0.32332216479413334,0.35510758237645024
0.3398368564465586,0.24715468549300845
0.36511452657986554,0.2931534898890955
0.33520708661797266,0.3473130350011113
0.32132578560855696,0.3121439504532033
0.3338301470922283,0.2627376888576918
0.3349656152932368,0.27657918733213527
0.35341748703497367,0.21722840421942902
0.32447745050982857,0.2853556007063156
0.32742090063891216,0.36653529240728466
0.3215484804086325,0.26483347646067457
0.3557053667353109,0.21458368130495398
0.36689171079514576,0.23818431400855955
0.40234977065875194,0.12152192753060054
0.35113120082761323,0.19290215624356732
0.32625317315245567,0.3019628423815328
0.32740159062287205,0.24237684349885869
0.34377064086776454,0.372934085757352
0.3141185361417647,0.2989948386299246
0.3211933317730204,0.26487788251248756
0.31572805155914035,0.33505035100674063
0.37631310795977607,0.16117329781616974
0.35237952617691076,0.19157206285160355
0.48267645867242054,0.037717987444014556
0.321456695409626,0.2924565879764536
0.3796627515676576,0.21521746579368517
0.3682204610054873,0.1655327061724683
0.3500658582316827,0.3952273725384543
0.3487561254018657,0.23482227546559686
0.3404674040421563,0.2578516340124133
0.3227706906739123,0.27883986397616356
0.33056621513223394,0.23366360744437586
0.33274242355041295,0.3726251595200796
0.3645665418252109,0.17092424841134313
0.3430343573604318,0.2111432882321569
0.3531340847306203,0.2654622698975546
0.3235291646177739,0.25924956608818883
0.38361237344522214,0.21229884779386343
0.3597899106568898,0.1783795555842962
0.3575882603292973,0.18283555139911045
0.32753553979312305,0.3174373237045487
0.364662545641939,0.3417665373338401
0.37520222173254725,0.2309075995190415
0.3389954428964009,0.2158515517364905
0.398483773258162,0.1272944914932248
0.3228511377218279,0.2548051296144911
0.3465316149608078,0.20144075915827542
0.34835661424837466,0.22903351562402485
0.3494071772895754,0.2129349085588148
0.369502911761551,0.19531538739688536
0.31453765114668936,0.32680006055771016
0.3149392215587276,0.2847622672449188
0.4476574713778966,0.09313048725249073
0.3178739372211523,0.31050373212232296
0.32273977979935015,0.3493049280137259
0.3676954582579412,0.2085216515486641
0.36565501574953524,0.305414575649426
0.33074673526550213,0.33444981234147764
0.3273670522402475,0.24382842786346481
0.36375992952319136,0.17358352684290956
0.31749486962428475,0.2752801036471997
0.3600576508421311,0.2242008616109834
0.4129267840432693,0.12802018946691307
0.3181627957338311,0.34483830194942766
0.3784518119276833,0.1561131555120454
0.3145747430134704,0.28720106656898436
0.33850226847119713,0.3709292177271384
0.339674871245715,0.22384758083035106
0.3656992371272913,0.20396840824381912
0.3411140928316693,0.2833141718855201
0.35126464854103995,0.21361960870704721
0.3396309206020708,0.28772128220700943
0.3393265216254987,0.33166532601344145
0.3411491389200167,0.21166510985322673
0.3174013274299255,0.3206984813561897
0.33532361477465367,0.22363317094410218
0.46817910686952563,0.050461411681213875
0.3449386219665549,0.3300898011410902
0.33526184410891113,0.26859291560216625
0.3273244492763991,0.24216272967310792
0.33918619890609736,0.36716034140744624
0.31691524071674776,0.33574968220576507
0.35315527915670397,0.20104427634115862
0.3187310368733032,0.29117710398457497
0.32388750414068695,0.25049119551313903
0.32576386638054583,0.33873814628500365
0.3182417263121086,0.2750224012493805
0.32765628933789637,0.35236354236100365
0.3353237400006487,0.3590450936169918
0.3133809559294029,0.29759211314357015
0.31830786455205035,0.27318913693412084
0.3247825630248559,0.3355242202812576
0.3206728551650353,0.26468997019581186
0.35389055840988737,0.251303292372808
0.3175944589109793,0.31334448598810605
0.3327491383565204,0.24187267115210243
0.3406744521229487,0.2876566780134926
0.31934994951298906,0.3352658029597191
0.33105165248729673,0.2456190371275888
0.3446010116289448,0.29025929537897643
0.34272772182257977,0.21112515557175549
0.3406828506362333,0.21641649226340443
0.35481766563084705,0.3447342996075631
0.3171225403540237,0.280064734751583
0.3236328687650426,0.3408239931665653
0.35920200495490173,0.23392939337781993
0.33343360933318067,0.36512692056509155
0.32246124852188723,0.2965768338175767
0.3176389694709211,0.332646632986916
0.3396112634780916,0.38502523885570716
0.33292727296152336,0.29267656337896497
0.33065223453320186,0.3561020623361453
0.3407033992832992,0.38422936396977003
0.3529537978705962,0.1919449411418268
0.33161843243616096,0.23835810429886295
0.31705147945022477,0.29503248573486296
0.3167679772976461,0.305389156740838
0.3404569890546801,0.38050498093668805
0.31481538914363943,0.291232148870894
0.33958677432518014,0.21444054594697448
0.3565324269374275,0.3205754660984128
0.3658117876824169,0.27611969749968757
0.3425519054813979,0.3803577148209456
0.35209743217155076,0.29123294102268904
0.3666608063282926,0.16791200538862183
0.3260579694193128,0.28179243545792954
0.34548257038480934,0.37846817880184935
0.3303471887303545,0.3691995437329856
0.3233535004543435,0.26081135568329006
0.32621892526308044,0.26121416681857035
0.33314472356150776,0.24784472004660074
0.32261318602890643,0.29520169255433504
0.3295747696023013,0.24636318733813956
0.3622761159708063,0.1860859990000494
0.3171837855468239,0.3139967082713371
0.33010418241818235,0.3682818929485929
0.3296604769763825,0.3709075584197019
0.36252126845815136,0.20095485775719424
0.3701388885192145,0.25018224820354695
0.3584119788668405,0.3592809295681185
0.3537415253309118,0.24077635116722962
0.3138982499269781,0.3080870136480216
0.33104501758954846,0.3270074015232596
0.32311028818189147,0.25275551039066935
0.3177398377643597,0.33773149064866326
0.31351945384892876,0.30976579232387325
0.31705296751723444,0.34065806624781225
0.3949310868420059,0.15854423481330637
0.3201828311912907,0.2956981931975531
0.3595150203812221,0.2921569308448533
0.385055713895127,0.1728238989327504
0.32475326295540224,0.27780957119207983
0.38200023412861817,0.4111374050489487
0.35476147705593414,0.19642690016619002
0.325205802698977,0.24700300309007273
0.3167407129057602,0.27653542069042714
0.33413184899793763,0.25086989444497654
0.32112657004442474,0.350571231115129
0.3204529562764116,0.3362794379976879
0.34170937370023513,0.36856624904967394
0.3718826300269386,0.25012636610506345
0.33609491719650725,0.362310939670202
0.3279699284428442,0.29175095898572745
0.31454486956207967,0.30490418921688
0.33393486586206134,0.29409322441149177
0.3715521960303043,0.17406381861168185
0.40672426914412535,0.12331128793253265
0.3266997938819268,0.24290066509801056
0.34580505121461325,0.3624436747248092
0.3178084242939327,0.33157566537700256
0.3349269278030427,0.2521363041624589
0.3187232601665028,0.2777721109272082
0.31700728462797284,0.2909335644589648
0.33165935100206523,0.3215407296989541
0.3332733752934492,0.23647285106673177
0.3489201149226533,0.32340592120448597
0.3159158191734209,0.28507528618377265
0.34268185282783614,0.3828775102075861
0.32553464287737127,0.24627957758816654
0.33430540307062,0.22522852772899582
0.34005746736200226,0.38717600615635117
0.3151296570784891,0.2895446466112941
0.3613850632211194,0.2870119656161805
0.4228601402399991,0.09804339200905776
0.3347010382962013,0.3490673072075223
0.3221679568410043,0.2814991299820335
0.3538916567063753,0.25970010392003795
0.34399474207882363,0.38427507937666006
0.34236412683557954,0.24077657876117287
0.42008236973080054,0.13684020968840693
0.3533911030732498,0.3887944637836249
0.3455550431460946,0.2519043539545791
0.3297089614949162,0.30740217944127046
0.31593847553296306,0.3178568879004975
0.33117758394100844,0.25445050432060357
0.3437633535300929,0.2128244237070962
0.3918143994929298,0.1823113819916662
0.36662846305820107,0.2806241368035369
0.316976863820323,0.31378739907294095
0.3201184832752477,0.2731516659691404
0.3383017183270472,0.21967320251234734
0.3218017672313381,0.3396546046062354
0.4481808261901999,0.07973381237877475
0.317216847725318,0.28037996238558605
0.34223341391638706,0.2487240570617888
0.3370707692072544,0.21926601692115533
0.33159895910574644,0.36548097374253197
0.3185390743697454,0.3460078374586637
0.3144443825796904,0.32551270691153933
0.368244026979648,0.3305659997106525
0.3218458215166423,0.2565762281785031
0.32175356482501316,0.2656694931748489
0.3144326721215135,0.2926941687582483
0.32192317428955036,0.28025160328348564
0.4135143769472327,0.39968507327098757
0.33081167433270353,0.3465788244924479
0.3368876445385178,0.3736752006270909
0.3499676783120531,0.38895644806115404
0.31554772037616463,0.3165311446833097
0.3945754204074017,0.13766967245751927
0.321150866833615,0.352873584703443
0.340164883918633,0.34340829128746675
0.3438841447968631,0.3915431042174069
0.38326217638567844,0.4070289726689367
0.3198462100726599,0.2821267069172031
0.3205296079245514,0.31221862119152566
0.3187478416244936,0.3449199035134105
0.34014109079356664,0.3809850653434168
0.34793267206587497,0.2821273568403111
0.34522014251252225,0.20517116066799712
0.3243649073829054,0.3463734100584752
0.3477410678151254,0.3229178636482375
0.34418871145109353,0.3273063970126977
0.316982631171395,0.3044436396511869
0.3297029764420569,0.27822073234801104
0.422559648786642,0.13521874776556975
0.3204466559328034,0.3516053409651403
0.37397701646487536,0.1563949418325732
0.4352025698710497,0.10088656354866332
0.33154943934776865,0.23118684098236875
0.3372107668829505,0.24614138646304662
0.3819954881216204,0.40878843024375655
0.3632831300334229,0.2483158808570185
0.3392962052293366,0.2212913429650003
0.3178645292958072,0.2811437458311674
0.32631681591573514,0.26676585143721154
0.32562517427380877,0.3494302373652134
0.3229477757060623,0.3153733501824696
0.3802183245222146,0.17213909197475297
0.350392271597552,0.20288820220810622
0.3279586481192734,0.26935990396676623
0.34376446020224677,0.36113802453180033
0.3531466255028921,0.24189484866016264
0.36895346573753957,0.3581748862688705
0.3587133687617857,0.18037151191262657
0.3388348481378654,0.2601903421543228
0.45324417020524355,0.07321110897132233
0.3157798507601313,0.27996261440399484
0.3224992488577681,0.32873629810692817
0.3141158701659113,0.3041609303144288
0.3373825807733872,0.3733974555795829
0.3587712849713376,0.18137648640805915
0.32092663304943786,0.34632830797897896
0.3455126137360958,0.20338091135016856
0.35959107856011924,0.27366498202762246
0.31943501722221695,0.30955582793324643
0.3280469177803386,0.34260093502819355
0.3367448735394353,0.26983321400958826
0.3479256783810223,0.3636329463194319
0.32076657035253087,0.28808079441226764
0.332397291572803,0.37365769669324767
0.33821725506341477,0.37878180624657176
0.34722068404305034,0.21479299526409013
0.3373751810194013,0.3148924233443531
0.31902224107175753,0.3434359944466152
0.3158420224364174,0.3358042278408788
0.3391863234297502,0.27401546524811926
0.3332158441947536,0.3491066514966332
0.3217649690093289,0.29408106135897505
0.38652011816252835,0.3978057126476484
0.3191547090409122,0.30475459622351253
0.3738584185082268,0.2661574692366435
0.31450961421181467,0.2936116622798042
0.3678754661000903,0.2021241791650823
0.3507196574376996,0.3216252930655017
0.3168279741040962,0.2753822591282591
0.37240046985571085,0.23042273592292606
0.34332463059976137,0.22607891853013684
0.34583219983058333,0.24158874706150102
0.32113164399604366,0.3509275503020466
0.3219113479026153,0.35529723076870123
0.3346536289242502,0.26244927348763714
0.33439349790711725,0.23082012051864842
0.3374041506535218,0.37711533422918775
0.36159506574704936,0.35548008286246535
0.32043116283996537,0.3221370058499924
0.327931545954694,0.2674846944031941
0.3186703787018341,0.2866458211817804
0.35584073060827315,0.18756410024844405
0.32986776265826234,0.23573769735181638
0.3393929851806531,0.37997704029603985
0.38610162671498727,0.4056400829166398
0.3596317610348866,0.25113539827825604
0.3311136409264867,0.36658367199859976
0.35683479362273846,0.21604878347384582
0.3155557328318526,0.28778647807495483
0.3328009314552336,0.22844732488581565
0.3156818497304592,0.3178426012101183
0.3180796369793522,0.33761394925118915
0.44199459052208806,0.08572018433882667
0.3411001795460587,0.342440491033595
0.3382586152914543,0.2603832202268994
0.3723299295498985,0.40090340740882247
0.3251066312812453,0.341513772446318
0.3381207759252912,0.38002375868784677
0.3401769424768616,0.2826504830142422
0.34800746444058067,0.355369452455895
0.31708079894474783,0.3148274578949599
0.34797358542709067,0.19885515810043408
0.3373524297608491,0.38345601415515373
0.33412372174062155,0.37853161133401736
0.3228987309273925,0.3256647868070932
0.39434102031406476,0.36360063274924515
0.3332348405649005,0.31611143090275906
0.31526255899222183,0.3330634475081997
0.38807001887380493,0.39573918104016736
0.4174452477308325,0.11312462625577302
0.3627551927728235,0.2518498648001122
0.3890001529778242,0.36450146383788784
0.3739518458305098,0.4032797566465989
0.3177391731047498,0.3121169303507496
0.3161452873700038,0.2840877923278218
0.4024962923297782,0.1267452491507579
0.3364158919609823,0.2209949495628718
0.33652045640628064,0.38103736767010044
0.3594194838436839,0.2002962705892415
0.31472635221161027,0.31796991190937507
0.3682192743787423,0.22521622270491992
0.3373279826004911,0.35724930117806974
0.38238175155551,0.1534183343965685
0.32372594350710515,0.3449627143600882
0.3421363182350298,0.3256782568967589
0.33927998951639804,0.37918421192285234
0.36891798821322097,0.3475182893623445
0.3782941399207883,0.15427696707416194
0.3457314310239861,0.39420170445621205
0.31578863388071166,0.3063700052845433
0.3270085778009607,0.25748164069242474
0.34867000598481396,0.39542356999156625
0.31484061338613484,0.28566426513944987
0.3280675248102327,0.35860595642182247
0.3412533106375077,0.21471946506850537
0.3299703846423735,0.23484784785693957
0.3495310125696587,0.19733128830798075
0.37205420993662647,0.2107510599562894
0.37401416011042454,0.3993789872490241
0.33479851501487357,0.2351134051963495
0.33149815303751146,0.24956608634907806
0.3213726148876664,0.27545352108302756
0.40705154689426976,0.12474794973351688
0.3345774557738299,0.24942885054579067
0.3318144248899804,0.33828137341388453
0.3191670493108265,0.2830872325215936
0.3261148198585642,0.24607676046062466
0.32246777029361595,0.27701886972853296
0.3343284169158022,0.26237620902293224
0.37731098260489304,0.18722150538844473
0.3460302798310048,0.2256590272437562
0.31770025997367113,0.3034197204650231
0.34856460531923034,0.20798067483672722
0.3196297335212577,0.32610288126569476
0.31842448054383,0.32646474517948
0.33996396442455945,0.3865565301805334
0.3372332828692098,0.2901639487097465
0.32102368721866115,0.2734756218523866
0.33080710317032147,0.23388935413466272
0.36562928642672754,0.17114130473985467
0.36967071347939284,0.16361494054380188
0.33355587204889503,0.34913492295506177
0.3623578815239687,0.17493439464996863
0.3180382761686102,0.2739125939165008
0.3561981475056404,0.2869529816011034
0.34361466818651265,0.2545187238500013
0.3686130778674203,0.2881085533805803
0.3164342691082591,0.2948504988173135
0.3261794866297707,0.32063087491217757
0.3430136147605286,0.2689104669870037
0.32265694665053835,0.27714867720912983
0.3201957300470789,0.32903442996203514
0.31880924655868975,0.3095610340143171
0.3188785636078936,0.30017474908919684
0.31878033146904944,0.296105516990117
0.3446643775815115,0.35866576265964834
0.32204592215150196,0.26960353208446874
0.3554279448896446,0.3451202162128246
0.3256659126862273,0.34617227075197365
0.3131689559700919,0.3038792872144165
0.34142197206320724,0.38847743257924394
0.32058089904840864,0.2770052910850682
0.3246760760424121,0.3321193826059705
0.3678895863468318,0.25900330799568927
0.353235415567791,0.3557679685183408
0.32785494348061245,0.29108307330668737
0.3451388516703314,0.3816601904739809
0.3129617159298657,0.3069930951087323
0.33672972167204585,0.22784549193204584
0.31730369960297633,0.28283039350017947
0.3418127165759475,0.21073022637576355
0.32911384354008816,0.24113977538839992
0.31553289294713394,0.2823168763214361
0.3451901636694991,0.20967278110406506
0.3225670172676231,0.25588023767648127
0.3587761958320351,0.2389201689864997
0.31829919518390326,0.26885050622692086
0.3190895196464714,0.2663667140441981
0.31783699602774795,0.28018758499224994
0.3833351138701419,0.310135336952041
0.3415706100657685,0.3261647800226948
0.3565914216500962,0.40080090548807235
0.31788282072786483,0.27781982279726347
0.3193301306776804,0.2931045643463832
0.3394018876575735,0.24431914294301382
0.34111978778335816,0.23344441497689794
0.31360675003910304,0.3139694467044367
0.3516190586362328,0.21108538470327787
0.3456355280261042,0.20386251597668625
0.3155181148177509,0.3204850826854002
0.3162116809668743,0.33227644014962765
0.3472219988625045,0.20005758223599646
0.38214686320468716,0.365683079134286
0.40969832629168773,0.12207836057321875
0.3556628296178062,0.18519740883411084
0.33950774989039095,0.22620609734207342
0.3557914432659694,0.2643812822372542
0.3705943529917283,0.2275158284552239
0.3253895575809288,0.2463992432466644
0.3267678685929733,0.24848896201335302
0.33830397757363095,0.23059131820183754
0.32492865185585573,0.3051703085124957
0.32598135104800735,0.26246074819663234
0.3258438717850135,0.3639577885769425
0.3400146853828122,0.26873921120720734
0.3240727108366391,0.3575394891381656
0.33316225501743973,0.3762064633205189
0.33662748442065366,0.2662442247977328
0.36856406463811087,0.1647618945809275
0.31821271423244313,0.2833884494989445
0.3152636631405987,0.2842820828460899
0.3134913796669157,0.3076050324942574
0.343912021436464,0.3330642860132047
0.34794028395560295,0.39527204561169005
0.33648251265422824,0.2542874788440397
0.3721925398866151,0.27436205095008526
0.3929796778709494,0.13872612976683096
0.3565267688406287,0.18387106694789557
0.3770776594887783,0.16127774901531655
0.344942423095148,0.3932488335542452
0.31668637979615855,0.3201115152588119
0.3571309596206427,0.22055550821139325
0.3720048618454893,0.407651691808087
0.32590493601551945,0.26023402068340507
0.3407775653009884,0.3864871367921199
0.35890783131600423,0.39489387857629854
0.322115860470099,0.2578938787019005
0.31978595219300365,0.30634283380373084
0.32867807858815645,0.27912443472367277
0.31553600207922444,0.3106890148531263
0.35281908981134763,0.31070468439587273
0.35730940899588504,0.36930890732708654
0.3173464433166718,0.27269649787036077
0.3242888679240319,0.26774179932515607
0.3186449147119967,0.32716489182991215
0.3337890342748903,0.37795769802101997
0.32508253978080753,0.3037707165946424
0.33779056208480174,0.22170138045378485
0.3130457539026938,0.31409677942951886
0.31858328248819356,0.34581018564786614
0.37469195779145553,0.3561920160150678
0.33078362065711486,0.36336351404094813
0.3846522503361407,0.1583292519611279
0.3177129924723894,0.34056211269050474
0.35339682043564496,0.24512601478843288
0.35246910281796395,0.19099903792341166
0.35281779567657934,0.2692570823131466
0.3388291322417679,0.27032841969425814
0.3359606592747211,0.2897775344499447
0.34856020197076876,0.3975005002669896
0.31365813264032,0.2945767598129614
0.3162751705158262,0.2886046262008246
0.36954279962765063,0.16307406979561612
0.34905541696766434,0.37033187527565015
0.34057052388610837,0.3829114484615157
0.35083952379402966,0.2532669750582215
0.35935782016696577,0.2786602420677191
0.32038476560056006,0.27257123472825184
0.3370020985946235,0.21941395045377643
0.4179052807168023,0.12501764906893942
0.31530670349349604,0.31453530084349035
0.3196430139493366,0.27221266081771667
0.315606093008868,0.31666960186267334
0.3238019737889997,0.284892893189852
0.3201509010532854,0.26221829053967083
0.338694589203063,0.21734211537966752
0.3290146599135617,0.3572274711109764
0.324833318670395,0.3505723367343361
0.3703364788001042,0.17713338808005452
0.3184133758844875,0.2744577972260105
0.3321236429032995,0.3750083807503317
0.3218985936816255,0.28510248441342134
0.3364036125184237,0.24815265253847918
0.3139491040486052,0.30543488330642066
0.32450941855105325,0.31423510628623674
0.3929231899239584,0.15725717873153267
0.4054482415052689,0.1404348313062902
0.3208452258796498,0.266249428154155
0.3163895524060115,0.2932459026399532
0.3313065078771547,0.23766642053349463
0.3312663032701129,0.254265914093019
0.35415728606634667,0.3102668885035249
0.3576858900382866,0.25156952897004436
0.40032719852581317,0.3944550426298645
0.328619003325991,0.3295821473387308
0.31475015384107763,0.33006655730993795
0.3143611722211001,0.2897255521748394
0.32039213920031545,0.3025089971303705
0.34901591972009754,0.33920178908018994
0.319717576923433,0.27247306766851187
0.37361929751171274,0.36101289127140324
0.3646711457250351,0.243512856634156
0.3221296541321711,0.2558333061788365
0.3495395543723521,0.19789107348994572
0.3151718210881372,0.28909405991089354
0.3368868169873071,0.369742273099708
0.45058246091147147,0.07675937105425268
0.3252661556861055,0.28515589948451403
0.35006445072407777,0.32187841183791743
0.35340580604823457,0.22447075813626327
0.3301565914702608,0.2556825627628314
0.3223217615780823,0.3561756610352049
0.331454069788832,0.276140062279149
0.33075041121626414,0.3209689481399971
0.32583472858463053,0.2943560495556832
0.3456020963861254,0.24149398896704044
0.3435521081438448,0.2066004312342451
0.3485080804372494,0.19901862140797144
0.3608630214566297,0.2366877273930046
0.3186131058734592,0.34072963672928247
0.3518863608025941,0.20392449849625893
0.3780841345263885,0.40640351540277075
0.3399080011406455,0.38641507610049497
0.33586699471288173,0.22399356703931228
0.3753804762109099,0.25461580572405196
0.33963099869651053,0.2180877985932741
0.33610146080423847,0.3183022686758661
0.3343515706711435,0.3733757584202049
0.37066846927764335,0.2677034022002942
0.3354614239008722,0.26647783727104457
0.33311400061905133,0.26965227952406434
0.3450331855667473,0.2592306544130454
0.32001633439700417,0.28535419008720786
0.4177875783111179,0.11629732764129308
0.34574360660674974,0.34185643767593255
0.38894241626387227,0.18920306121124342
0.32558290591947275,0.3298676946069563
0.3262521436734801,0.2744484286551956
0.3314662403277082,0.24285961117168764
0.4160154737944305,0.39723774678554413
0.3475200441941689,0.3170461262332718
0.31476931022483834,0.288851725762133
0.3231750533774084,0.2527450684388075
0.3145726355306676,0.2903344584962806
0.41206390756920414,0.15378456170512256
0.32276735181937244,0.27868754732513157
0.32991193066367286,0.28632984960312124
0.34661252630576783,0.20314471098619702
0.3170551864798858,0.2822040878151386
0.3233898849075749,0.2554308421158049
0.3154800909983592,0.324063995277162
0.3194349235776446,0.2691893373836567
0.3647252509548634,0.2964961851229093
0.31832491816500075,0.2686628678540015
0.32936757398585553,0.34868013607602966
0.34126805381084824,0.3865368325580254
0.36471041651023556,0.26721151213186345
0.41569280216797466,0.12135833298395737
0.3216252823504389,0.28382396184666936
0.3135519955935585,0.32110934802949087
0.33789019483280386,0.34202923210170666
0.39401927445702073,0.14708259199898355
0.36601845870664423,0.24927026569106947
0.3434905016926065,0.24291155734617953
0.3139447703959039,0.3119468701711421
0.31535354217402745,0.2841082089275926
0.3210055416224706,0.3525304496880286
0.3221794557034355,0.25551508968165004
0.3235717393976095,0.2571065800952401
0.34304904869259056,0.3520993185375072
0.33370344123289536,0.37758955807587347
0.31671649808401753,0.27545639551229284
0.3472247812982083,0.3773102206786094
0.3446816006851159,0.2606286253951333
0.3484884416289493,0.36886103908217316
0.3267459143632158,0.24286584783025966
0.3562429809729404,0.18896495283095116
0.3154108620601543,0.2903712547554438
0.37034612148837187,0.16256036047920408
0.34830332215514687,0.28222666483488923
0.3381160703462695,0.3661230692973656
0.33652001158174594,0.22442832095615683
0.3333948612999208,0.2642965467912122
0.32064632689817113,0.2605666644137854
0.3299832209255264,0.2348849924717633
0.32808785166290755,0.23940485090267383
0.3653363732574655,0.26503689345774717
0.3331640120460453,0.2339465915829111
0.3157422254770918,0.3204348174685181
0.3544220109095569,0.3639721929783044
0.34718789142417705,0.19993797599143703
0.34310953281030365,0.3036118214845751
0.32787153015934484,0.2636320300488766
0.3635971133978212,0.32464280001078816
0.3138772531143177,0.3037263721334891
0.3396048955326112,0.3447193743039607
0.3261821510123458,0.251080246652329
0.36237863073724985,0.2254005360831126
0.382334418506598,0.18665560404135495
0.3192438821529374,0.3006208108321049
0.3463034448871953,0.35383664594318054
0.37121932303775584,0.2980810396553124
0.3253401015345144,0.327062162607586
0.32934483047368857,0.3251675415706534
0.35875091204052306,0.2537025707840437
0.3208840639475935,0.3525473108485464
0.37367501020874616,0.17659140351663893
0.35508743087209743,0.1904994717191444
0.3196942472208147,0.34733995002098883
0.3469961785526724,0.2988748435639108
0.34069792970988494,0.2283144917648421
0.3362225557206583,0.3806114519418127
0.3452042783364812,0.21293257277866373
0.32036668552858083,0.33883443477947406
0.3255780765371508,0.24635313954429283
0.348282466700145,0.2074318004347775
0.3410492512620492,0.21472306249413875
0.43280955862334863,0.10935548459633493
0.3337178916599984,0.28778229566250535
0.35094481954377543,0.2521887937188205
0.34241264183743975,0.24183314262111355
0.3558783204343854,0.19933301315377672
0.31331185515219867,0.3181656056425122
0.31415972604001613,0.29078562392142926
0.3928392216262695,0.13302933738510814
0.3737001866717162,0.27924125672348077
0.3244953689796027,0.251154862054459
0.3413695930845933,0.38746862190874043
0.366834239045702,0.35484617184683076
0.3559259821029025,0.19403222974238954
0.3429776444491908,0.2094733138627496
0.35168151635044403,0.22362428744726515
0.33740644832396544,0.2802557411054427
0.3634427595157675,0.3399944529385752
0.317356360335576,0.32866946040394796
0.3418803528892526,0.32461965806516857
0.3504724875739056,0.19681675502166485
0.3167070023162419,0.275743037712852
0.334889850423327,0.3767380513777583
0.35222156426108514,0.3639399768502787
0.31783813654403587,0.2705950035737916
0.3153578588147249,0.32711858059227006
0.3176547871440625,0.338357608709946
0.33828319274490576,0.3551157126300437
0.3265188312782313,0.33200347153691134
0.3437634866488252,0.26918676200116143
0.31621679869091657,0.27792886170596054
0.3383621079891824,0.3831214791438149
0.3658148813506271,0.32762446300926795
0.32994678956480833,0.37140908169145725
0.33525226203439135,0.30671586581169485
0.32847523334383644,0.32755705819266323
0.4427041013197787,0.07913777567980884
0.31619497541874414,0.328484600793127
0.33695208068506044,0.2561299183163812
0.35946939516016363,0.17890271051621198
0.3465554954814923,0.2710885194629593
0.32643783939600346,0.2852082648944392
0.34906035027160237,0.28610799254775454
0.3144469237894663,0.289172432248185
0.33640345314449926,0.2725978718436073
0.3352117143191433,0.3004645299511173
0.44240662243217216,0.09036663408986723
0.31572216892298566,0.30903203963932535
0.3133927799626383,0.31952116997467206
0.3302673564661209,0.27158303346402146
0.384311916007725,0.2167807578850307
0.3358614358606719,0.3073992051390124
0.3140071216587815,0.30212651145448177
0.38706872990976066,0.3438062498762551
0.32513087416996633,0.2588129497126974
0.3617673114135237,0.17568495926745853
0.3163315254658555,0.2962950902583861
0.34151154338889195,0.23831930930375167
0.34385952381689,0.2062195182867126
0.3879141891683321,0.16245116343724364
0.31509845106854756,0.29905388181299863
0.3173012011955484,0.2737884656235523
0.3417767321060164,0.3877257815898403
0.3647811482413855,0.17327794131379504
0.3316679852939346,0.23951795861874703
0.3464558095265708,0.22675473663448487
0.3150696459807789,0.32042703925363125
0.33989611463599134,0.23686819580942187
0.3221114767647894,0.28526261777145057
0.32677456011666867,0.3638648386995418
0.3276051377938415,0.34013398065661504
0.33569867639581014,0.22460541407449375
0.33959002001789035,0.38656067367302516
0.3229867713885809,0.274339604727059
0.3504268411440954,0.20638418666149305
0.32931884178693277,0.2492927080926164
0.3458148512998288,0.21388329784183213
0.3226243369267603,0.25494832230168996
0.34521896306906746,0.3926049631404913
0.3143595796768286,0.2942317397698184
0.3244486664971459,0.3588434115116428
0.3233288619624585,0.2687366351793177
0.3365622061364921,0.22300361815656933
0.34682719015737196,0.20479181280219594
0.3512958840316007,0.2365426793876355
0.3478361683446821,0.35706322322271733
0.340754722317103,0.3784699847556301
0.3218252964420303,0.3528286293606806
0.3247184640273034,0.3272001931449908
0.3736972054646366,0.3343623934852811
0.33170977928621465,0.30145878536554127
0.32990832443515666,0.25126134095835795
0.3258631409373777,0.25520998210945844
0.3471095113473194,0.26356520596252175
0.3211336984182144,0.320417891822373
0.31596438310206104,0.28963562894142547
0.31556707981667786,0.29221158604747455
0.3177235924241402,0.27531127278767764
0.33020907544881456,0.2667263600991794
0.3247066500828581,0.2891412704170475
0.3411106324617818,0.34118562592935797
0.4007141232992243,0.3913040971730817
0.40848293546266456,0.13250060465381175
0.34013013562824407,0.22159929233565068
0.3501010985509476,0.22125377338392616
0.4416685799845268,0.40028934579159325
0.3701942528670265,0.19813718808036773
0.33919606148302683,0.28192135152408193
0.31658487743870356,0.28163939691747686
0.3479730514250838,0.30944063669885535
0.35529803032002777,0.28082965902670654
0.3538022725067763,0.2866798714826193
0.31988645203031935,0.28094771025310283
0.3558071239017308,0.3031132114772839
0.31707436961564406,0.27408090048502665
0.3915077405105612,0.3514261603230757
0.33851045488157017,0.21964386110828338
0.34277243190581985,0.26091919578345535
0.31871120920195356,0.3060495060993693
0.33103024691111077,0.3667525442779396
0.32460987269916336,0.2524418543604183
0.3659117129720808,0.29248938535127356
0.3817498345296552,0.1894468910303504
0.35898461622520633,0.27712178913185714
0.31479009641067557,0.3304809856789295
0.3396956368782309,0.27973800718471753
0.3543704532473967,0.18826518269222303
0.3211726172687271,0.353628842061793
0.3457029517082974,0.24689639810197894
0.369788964391775,0.379382183991686
0.33899044921340793,0.2379927231962009
0.35646787846029476,0.1865682885168809
0.31875772705205635,0.28131461993424844
0.31465927255958187,0.2866258827520849
0.31637705451067033,0.3034489765625137
0.3208746406322883,0.3528515660458451
0.3413206936131141,0.24467641158068987
0.33352503765316094,0.22851489851588758
0.37053488090483166,0.3136023605751801
0.37452748799915986,0.21192683460096262
0.3517222141910289,0.20556239900744178
0.3376506404752686,0.22371018685776822
0.35548898648570254,0.3250584052589054
0.31964537909974855,0.2667481074478877
0.3186847800101219,0.34617800613457184
0.32441617201795675,0.3583859036105528
0.3334900086646413,0.2696496019582655
0.32472309060757815,0.3161939648086005
0.3683445459123793,0.16494568431862233
0.3592976260322025,0.17929943285994843
0.37397701646487536,0.1563949418325732
0.3369892525915664,0.31316985919056384
0.33038277768038005,0.329003335181691
0.33502147769049034,0.2236284936583277
0.34034183557960757,0.3096660308723307
0.3941615578364482,0.14299603632381808
0.3276775366939844,0.2913512438225099
0.363010727506341,0.20614179593087423
0.3242762544658407,0.25878890399670706
0.40279933209456503,0.15013754070180574
0.3293204018208994,0.27545966729436566
0.3389716392233788,0.2508043531587081
0.318415776015776,0.2795648657317451
0.33430826752306186,0.35891526233685034
0.35788755925846105,0.34730334656564166
0.3199205830139071,0.26283370416872187
0.32349775569483663,0.2545209787542406
0.3910953553758813,0.29463484704499
0.35942151655642435,0.2532249205744239
0.3179270158447669,0.33801612963895433
0.34073426695230263,0.21198990384466
0.370413139067165,0.30446761076692974
0.32191078911339177,0.3535266833561901
0.3265962704383722,0.3004571305368273
0.32717113850829155,0.24170378235473122
0.3191700223464299,0.2697596520764427
0.3358262530265807,0.25315364927750106
0.3136686578668484,0.2980047755849109
0.3554027458596529,0.23459932611074752
0.3579067703909501,0.2770551168600266
0.3429694070322375,0.20771767151804466
0.3574992367346478,0.4021443280006334
0.32970637922563695,0.2630982729914979
0.31748522235781773,0.28924112805070457
0.31351374286305594,0.2962949305702578
0.3694129856467093,0.24730277907272402
0.390951807035088,0.39519870469079055
0.3474594948559571,0.3962086311242323
0.3438044932808742,0.22369250029103904
0.34847623371315756,0.3417763740083193
0.3270351898933704,0.2420470643280237
0.38833319277416867,0.27178307313823225
0.3569101676901083,0.20765037118419793
0.32352425987609323,0.2770213894967197
0.3154529563550458,0.33280427545698954
0.3432710301241066,0.209544413752498
0.33223111976570974,0.25130426594222866
0.4027801175858477,0.16256517071469068
0.34130932658448937,0.22448537087656817
0.3192764820815597,0.2893617223673952
0.3248940375824861,0.2803540348794149
0.32128998489269084,0.2702006886169688
0.3230083736582755,0.3540076519871911
0.38481854822756445,0.15351024633148014
0.31715604255996993,0.3382072885933163
0.35931004971251196,0.26000026847723734
0.3170296404600559,0.2753798819010833
0.315637114198839,0.33452235696981125
0.31956365527857733,0.34273768604677857
0.36048489921333177,0.270951221786347
0.359504139244777,0.22900026585483335
0.31831024153423976,0.3439862007781367
0.3175337401318994,0.34206431132449366
0.3321911467629259,0.22973417191500878
0.31906513483600873,0.2714275174256886
0.3145246608429791,0.28822032526344943
0.31992925119768123,0.29368698369347745
0.31650129470082355,0.3377668676288996
0.3469356693456175,0.20088176868520824
0.34943971183115363,0.29569903985159285
0.3241505139125541,0.2547544280413645
0.3800457174687961,0.36190278109193086
0.3246441632218853,0.2485088580511161
0.33255722150719763,0.33927746741862363
0.3669316342418564,0.3026452224347602
0.3173505484712663,0.3344707362173538
0.3372800876744069,0.25365467645117534
0.326526944223245,0.35959329734921663
0.35459237540474864,0.19406561693173674
0.34249036079667794,0.21022849869368154
0.33227660841949697,0.2334207123885279
0.341949108957312,0.38622231810437224
0.31371057959043114,0.3091658360118703
0.4068918162897689,0.28353220128239953
0.40104669176615654,0.16066290473320044
0.33595993876889224,0.29480784823168293
0.3720468586868482,0.3159673067030253
0.32620249512751676,0.2940863436470915
0.5131513228088413,0.00701214861315913
0.31766670158624266,0.32506145869238434
0.4038900289194477,0.16362898446471008
0.31320699241381506,0.3139668650967946
0.32682407324137047,0.33086808123478306
0.31588004581756185,0.33147095361533285
0.3466923950054258,0.3311794716653613
0.35790436132480574,0.25458739602429237
0.3232471296120001,0.34465703316286667
0.35106964424260373,0.20728646207567003
0.31600366071876973,0.2789352040268993
0.31889853210570995,0.2820290554575473
0.3475403958277329,0.27032524854086293
0.32496398135923205,0.30131290942579114
0.32835647097353887,0.24222667875693338
0.31381286779368567,0.2969263193718201
0.3247599999117532,0.32123888387268695
0.3138587872602473,0.2952783957780847
0.31545340070890115,0.31962372423666396
0.3443722033172466,0.28939650394179717
0.41762624361799966,0.11145109481153659
0.31701190244947386,0.31025345605821686
0.3183798944528657,0.2718442859429293
0.32090493248480945,0.28968752691694677
0.31823619420455396,0.28708294377089305
0.31554520009379056,0.32518925217998795
0.3739125405696117,0.2226220456995378
0.3607112980007008,0.3626226815277638
0.32212503075153687,0.28142829136843894
0.32263400319938473,0.2938264616168247
0.36876617880661483,0.16620596830311674
0.33618739354502425,0.25922670757389965
0.3434535255206048,0.3544329516542102
0.3429550690473517,0.2329267832621693
0.3499788196279457,0.21099389290313741
0.34094091624425854,0.384599156589543
0.4145398670834338,0.4046181910439779
0.4113255431297792,0.39994512154770523
0.3264210979243635,0.28300008163333357
0.33958677432518014,0.21444054594697448
0.3414636396446888,0.37056541110709285
0.4287566409439362,0.39795582314232925
0.31854312880317714,0.29994988825823854
0.3244110610532803,0.32569743341303803
0.31890807181702424,0.32348674169806824
0.3290937474252711,0.23747736052450064
0.35896167288614034,0.23805403398955027
0.3423681482125503,0.2187858293138023
0.3972231702983367,0.16478153796998418
0.31558553889895,0.29682188901662987
0.34912192440993034,0.19650328865953282
0.3291778752486466,0.26656610495698496
0.32235381553754944,0.35116672916459235
0.34624603909564805,0.20164471129485229
0.3238292697192641,0.28656650069650236
0.3616285611880768,0.28374139262164344
0.3330582242286214,0.3754001469073951
0.342224517329653,0.36962843471749696
0.32912234617680747,0.33081255856762604
0.3521011439064615,0.22228408063700678
0.32469842498277934,0.2949078278013266
0.35122339146947273,0.22054121882670796
0.32795330408911594,0.32752329620854614
0.3333404750309596,0.360866964109809
0.3295726704946687,0.3340574965326626
0.3293915567031007,0.2919652412966014
0.3859454285348128,0.13991009947179278
0.3141145622539394,0.29833640076170065
0.3367707680323939,0.3232866584233267
0.34246531949700193,0.3884892644502911
0.31349722368757543,0.30969716418711557
0.3358002757588063,0.29570681704823243
0.3328438309122495,0.37611277003341326
0.34329984396273994,0.33137149172668234
0.3613578497280473,0.28178023669235164
0.3501807058219544,0.260825405156889
0.3385701475848086,0.2171526401401589
0.32494803692966506,0.2595796539290176
0.3551246059471052,0.18735826744014505
0.38496201984257505,0.3135251996340471
